use quizliz;

drop table users;
create table users(

	id int not null auto_increment,
    firstname varchar(100),
    lastname varchar(100) not null,
    birthdate date null, 
    gender tinyint null,
    username varchar(100) null, 
    email varchar(100) not null unique, 
    passwrd varchar(100) not null,
    isAdmin tinyint not null default 0,
    
    
    constraint id_PK primary key(id)



)engine = InnoDB;
insert into users values (1, "Manuel", "Reismann", "2000-01-31" , 0, "Manuel", "manuel@quizliz.com", sha2("123456789", 256), 0);
insert into users values (2, "Mario", "Bernardi", "2000-11-24" , 0, "Mario", "mario@quizliz.com", sha2("123456789", 256), 1);





-- MySQL dump 10.13  Distrib 5.7.28, for Linux (x86_64)
--
-- Host: localhost    Database: quizliz
-- ------------------------------------------------------
-- Server version	5.7.28-0ubuntu0.16.04.2

/*!40101 SET @OLD_CHARACTER_SET_CLIENT=@@CHARACTER_SET_CLIENT */;
/*!40101 SET @OLD_CHARACTER_SET_RESULTS=@@CHARACTER_SET_RESULTS */;
/*!40101 SET @OLD_COLLATION_CONNECTION=@@COLLATION_CONNECTION */;
/*!40101 SET NAMES utf8 */;
/*!40103 SET @OLD_TIME_ZONE=@@TIME_ZONE */;
/*!40103 SET TIME_ZONE='+00:00' */;
/*!40014 SET @OLD_UNIQUE_CHECKS=@@UNIQUE_CHECKS, UNIQUE_CHECKS=0 */;
/*!40014 SET @OLD_FOREIGN_KEY_CHECKS=@@FOREIGN_KEY_CHECKS, FOREIGN_KEY_CHECKS=0 */;
/*!40101 SET @OLD_SQL_MODE=@@SQL_MODE, SQL_MODE='NO_AUTO_VALUE_ON_ZERO' */;
/*!40111 SET @OLD_SQL_NOTES=@@SQL_NOTES, SQL_NOTES=0 */;

--
-- Table structure for table `questions`
--

DROP TABLE IF EXISTS `questions`;
/*!40101 SET @saved_cs_client     = @@character_set_client */;
/*!40101 SET character_set_client = utf8 */;
CREATE TABLE `questions` (
  `questionId` int(11) NOT NULL AUTO_INCREMENT,
  `topicid` int(11) DEFAULT NULL,
  `image` varchar(512) NOT NULL,
  `label` varchar(512) DEFAULT NULL,
  `description` text,
  `lng` double DEFAULT NULL,
  `lat` double DEFAULT NULL,
  PRIMARY KEY (`questionId`)
) ENGINE=InnoDB AUTO_INCREMENT=896 DEFAULT CHARSET=latin1;
/*!40101 SET character_set_client = @saved_cs_client */;

--
-- Dumping data for table `questions`
--

LOCK TABLES `questions` WRITE;
/*!40000 ALTER TABLE `questions` DISABLE KEYS */;
INSERT INTO `questions` VALUES (1,1,'Stadtschlaining - Ortszentrum.JPG','Stadtschlaining','Gemeinde in Österreich',16.274166666667,47.322777777778),(2,1,'Carnuntum Petronell.JPG','Carnuntum','Museum in Österreich',16.866666666667,48.116666666667),(3,1,'20080214 13-30-12 Schloss Rothenfels.jpg','Oberwölz Stadt','ehemalige Gemeinde in Österreich',14.280833333333,47.202777777778),(4,1,'Bad Aussee - Mercedes-Brücke.JPG','Bad Aussee','Gemeinde in Österreich',13.782777777778,47.61),(5,1,'Traun Luftbild Zentrum.jpg','Traun','Gemeinde in Österreich',14.239722222222,48.221666666667),(6,1,'Lilienfeld Stiftskomplex.JPG','Lilienfeld','Gemeinde in Österreich',15.6,48.016666666667),(7,1,'Deutsch Wagram Aufnahmegebaeude.jpg','Deutsch-Wagram','Gemeinde in Österreich',16.564444444444,48.299444444444),(8,1,'Hallein vom Barmstoa2.jpg','Hallein','Stadt in Österreich',13.083333333333,47.666666666667),(9,1,'Pressbaum - Ortskern.JPG','Pressbaum','Gemeinde in Österreich',16.0825,48.183333333333),(10,1,'Kufstein Festung Pendling-1.jpg','Kufstein','Stadtgemeinde in Tirol an der Grenze zum Freistaat Bayern',12.166666666667,47.583333333333),(11,1,'Landeck.jpg','Landeck','Gemeinde in Österreich',10.566666666667,47.133333333333),(12,1,'Bregenz pano 1.jpg','Bregenz','Hauptstadt des österreichischen Bundeslands Vorarlberg',9.7491666666667,47.505),(13,1,'Salzburg Altstadt vom Mönchsberg.jpg','Salzburg','Stadt in Österreich',13.04768,47.7972),(14,1,'Sankt Poelten.jpg','St. Pölten','Stadt in Österreich, Landeshauptstadt Niederösterreichs',15.616666666667,48.2),(15,1,'Marktszene-sant-veit.jpg','Sankt Veit an der Glan','Gemeinde in Österreich',14.360277777778,46.766666666667),(16,1,'Liezen Kath Pfarrkirche.JPG','Liezen','Gemeinde in Österreich',14.233333333333,47.566666666667),(17,1,'PoechlarnKokoschkaHaus.jpg','Pöchlarn','Gemeinde in Österreich',15.2,48.2),(18,1,'Fischamend 0765.jpg','Fischamend','Gemeinde in Österreich',16.612777777778,48.115555555556),(19,1,'Raiffeisenbank Radstadt.jpg','Radstadt','Gemeinde in Österreich',13.466666666667,47.383333333333),(20,1,'Herzogenburg (2).JPG','Herzogenburg','Gemeinde in Österreich',15.683333333333,48.283333333333),(21,1,'Gloggnitz.jpg','Gloggnitz','Stadt im südlichen Niederösterreich',15.938333333333,47.675833333333),(22,1,'Rathaus Amstetten.jpg','Amstetten','Gemeinde in Österreich',14.866666666667,48.116666666667),(23,1,'Peuerbach - Pfarrkirche.JPG','Peuerbach','Gemeinde in Österreich',13.774166666667,48.345555555556),(24,1,'Dürnstein (1).JPG','Dürnstein','Gemeinde in Österreich',15.520277777778,48.395555555556),(25,1,'Ternitz.JPG','Ternitz','Gemeinde in Österreich',16.033333333333,47.716666666667),(26,1,'Town hall Ebreichsdorf.jpg','Ebreichsdorf','Gemeinde in Österreich',16.404722222222,47.961111111111),(27,1,'Wilhelmsburg (Niederösterreich).jpg','Wilhelmsburg','Gemeinde in Österreich',15.61,48.110833333333),(28,1,'Gmunden 153.JPG','Gmunden','Kleinstadt am Traunsee in Oberösterreich',13.799444444444,47.918055555556),(29,1,'Grabungsplan lauriacum groller 1904.jpg','Lauriacum','Denkmalgeschütztes Objekt in Enns (113762)',14.475,48.2167),(30,1,'Melk - Stift.JPG','Melk','Gemeinde in Österreich',15.343888888889,48.226944444444),(31,1,'Spielberg Pfarrkirche Heiliger Stephan.JPG','Spielberg bei Knittelfeld','Gemeinde in Österreich',14.783333333333,47.216666666667),(32,1,'Johanneskirche 2011.JPG','Imst','Gemeinde in Österreich',10.738055555556,47.239444444444),(33,1,'Hauptplatz Gföhl.jpg','Gföhl','Gemeinde in Österreich',15.483333333333,48.516666666667),(34,1,'Ueberblick.jpg','Rohrbach in Oberösterreich','ehemalige Gemeinde in Österreich',13.991666666667,48.573333333333),(35,1,'GuentherZ 2010-08-21 0090 Pulkau Rathaus.jpg','Pulkau','Gemeinde in Österreich',15.85,48.7),(36,1,'Zistersdorf Pestsaeule.jpg','Zistersdorf','Gemeinde in Österreich',16.75,48.516666666667),(37,1,'Purbach légifotó.jpg','Purbach am Neusiedler See','Gemeinde in Österreich',16.693333333333,47.914722222222),(38,1,'Bad Vöslau Kloster.jpg','Bad Vöslau','Gemeinde in Österreich',16.214444444444,47.966944444444),(39,1,'Friesach Stadtansicht 14042007 01.jpg','Friesach','Gemeinde in Österreich',14.409722222222,46.9525),(40,1,'Retz November 2017-1184.jpg','Retz','Gemeinde in Österreich',15.95133,48.75692),(41,1,'Schwanenstadt Stadttor.JPG','Schwanenstadt','Gemeinde in Österreich',13.775833333333,48.055277777778),(42,1,'Hardegg - Nordwestansicht.JPG','Hardegg','Gemeinde in Österreich',15.858888888889,48.8525),(43,1,'Gleisdorf.Hauptplatz.JPG','Gleisdorf','Gemeinde in Österreich',15.708333333333,47.103888888889),(44,1,'Braunau am Inn.jpg','Braunau am Inn','Stadt in Österreich',13.033333333333,48.258333333333),(45,1,'Leoben A main square.jpg','Leoben','Gemeinde in Österreich',15.097222222222,47.381666666667),(46,1,'Berndorf noe 2.jpg','Berndorf','Gemeinde in Österreich',16.103611111111,47.942777777778),(47,1,'Neulengbach - Ortszentrum.JPG','Neulengbach','Gemeinde in Österreich',15.9,48.183333333333),(48,1,'Vöcklabruck - Vorstadt mit Stadtturm.JPG','Vöcklabruck','Gemeinde in Österreich',13.655833333333,48.008611111111),(49,1,'Marchtrenk katholische Kirche.JPG','Marchtrenk','Gemeinde in Österreich',14.110555555556,48.191666666667),(50,1,'Altes Schloss in Litschau.jpg','Litschau','Stadtgemeinde im Bezirk Gmünd in Niederösterreich',15.045555555556,48.943333333333),(51,1,'Saalfelden Becken.jpg','Saalfelden am Steinernen Meer','Gemeinde in Österreich',12.848333333333,47.426944444444),(52,1,'Laa an der Thaya - Stadtplatz.JPG','Laa an der Thaya','Gemeinde in Österreich',16.383333333333,48.716666666667),(53,1,'Pregarten Ortsansicht.jpg','Pregarten','Gemeinde in Österreich',14.530555555556,48.355555555556),(54,1,'Oberwart - Ortszentrum.JPG','Oberwart','Gemeinde in Österreich',16.203055555556,47.287777777778),(55,1,'Hainfeld mit Kirchenberg.JPG','Hainfeld','Gemeinde in Österreich',15.766666666667,48.033333333333),(56,1,'Stadt Althofen im September 2013.JPG','Althofen','Gemeinde in Österreich',14.466666666667,46.866666666667),(57,1,'Neunkirchen - Hauptplatz.JPG','Neunkirchen','Stadt Neunkirchen in Niederösterreich',16.081666666667,47.726944444444),(58,1,'Blick ueber die Steyrer Altstadt 29-06-2011.jpg','Steyr','Stadt in Österreich',14.416666666667,48.05),(59,1,'View of Mürzzuschlag.jpg','Mürzzuschlag','Gemeinde in der Steiermark, Österreich',15.673055555556,47.6075),(60,1,'Pfarrkirche Heidenreichstein.jpg','Heidenreichstein','Gemeinde in Österreich',15.116666666667,48.866666666667),(61,1,'Wien katedra sw Szczepana widok z wiezy 6.jpg','Wien','Hauptstadt und Bundesland von Österreich',16.373064,48.20833),(62,1,'Klosterneuburg (2).JPG','Klosterneuburg','Gemeinde in Österreich',16.316666666667,48.304166666667),(63,1,'BallonfahrtEggenburg-Hauptplatz 201507120553.JPG','Eggenburg','Gemeinde in Österreich',15.818611111111,48.643055555556),(64,1,'Leonding Stadtplatz Weihnachten.jpg','Leonding','Gemeinde in Österreich',14.252777777778,48.279166666667),(65,1,'Kitzbuehel03.JPG','Kitzbühel','Gemeinde in Österreich',12.391944444444,47.446388888889),(66,1,'Lienz gesamt.jpg','Lienz','Stadt in Österreich',12.769722222222,46.829722222222),(67,1,'Kirche hl. Johannes der Täufer - Groß Siegharts - 11-09-2011.JPG','Groß-Siegharts','Gemeinde in Österreich',15.4,48.783333333333),(68,1,'Rathausplatz Rust.jpg','Rust','Stadt in Österreich',16.675833333333,47.800833333333),(69,1,'Schloss Wolkersdorf.jpg','Wolkersdorf im Weinviertel','Gemeinde in Österreich',16.516666666667,48.366666666667),(70,1,'Feldkirchen Nordwestansicht Flugaufnahme 141226a.jpg','Feldkirchen in Kärnten','Gemeinde in Österreich',14.091944444444,46.723611111111),(71,1,'Langenlois.jpg','Langenlois','Gemeinde in Österreich',15.683333333333,48.466666666667),(72,1,'Mistelbach.JPG','Mistelbach','Gemeinde in Österreich',16.566666666667,48.566666666667),(73,1,'Burg Raabs 2013 mit Nepomuk.jpg','Raabs an der Thaya','Gemeinde in Österreich',15.493055555556,48.848055555556),(74,1,'20180723 Freistadt 8055.jpg','Freistadt','Gemeinde in Österreich',14.506111111111,48.511666666667),(75,1,'Allentsteig - Ortszentrum (2).JPG','Allentsteig','Gemeinde in Österreich',15.328333333333333,48.69722222222222),(76,1,'Kirchdorf an der Krems.jpg','Kirchdorf an der Krems','Gemeinde in Österreich',14,47.906666666667),(77,1,'Pfeilburg hof fuerstenfeld.jpg','Fürstenfeld','Gemeinde in Österreich',16.083333333333,47.05),(78,1,'Hartberg Rathaus.jpg','Hartberg','Gemeinde in Österreich',15.97,47.280555555556),(79,1,'Bruck an der Mur Hauptplatz mit Kornmesserhaus.jpg','Bruck an der Mur','Stadt in der Steiermark',15.268611111111,47.410555555556),(80,2,'Gipfelkreuz Hoher Gjaidstein.jpg','Gjaidstein','Berg in den Alpen',13.632222222222,47.481666666667),(81,2,'Aderkammbach mit Türmljoch und Türml.JPG','Niklaskogel','Berg in Österreich',12.319467,47.058692),(82,2,'Laliderer Spitze mit Biwakschachtel MQ.jpg','Laliderer Spitze','Berg in den Alpen',11.5003,47.3914),(83,2,'Roggspitze.jpg','Roggspitze','Berg in den Alpen',10.2092,47.1653),(84,2,'Königstal 0570.jpg','Königskogel','Berg in den Ötztaler Alpen an der Grenze Tirol / Südtirol',11.072962,46.85809),(85,2,'Gstatterstein in Gstatterboden.jpg','Gstatterstein','Berg im Gesäuse in der Steiermark',14.664603,47.597255),(86,2,'Klammerköpfe from Northwest (cropped).jpg','Östlicher Klammerkopf','Berg in der Schobergruppe in Kärnten',12.764054,46.960181),(87,2,'Piz Larain (Larainfernerspitze) von Südwesten, aus dem oberem Laraintal.jpg','Heidelberger Spitze','Berg in der Silvretta an der Grenze Tirol / Graubünden',10.23635,46.91281),(88,2,'Wildfeld.JPG','Wildfeld','Berg in den Alpen',14.8478,47.4825),(89,2,'Dachsteingosau.JPG','Dachstein','Berg in den Alpen',13.606388888889,47.475277777778),(90,2,'Gamsstein von Hollenstein.jpg','Gamsstein','Berg in den Ybbstaler Alpen an der Grenze Niederösterreich / Steiermark',14.7775,47.7294),(91,2,'Kronenjoch Blick zum Pass Futschöl.jpg','Augstenberg','Berg in der Silvretta an der Grenze Tirol / Kanton Graubünden',10.20382,46.86464),(92,2,'20100710-Gehrenspitze von Nordwesten.JPG','Gehrenspitze','Berg im Wettersteingebirge in Tirol',11.135038,47.386703),(93,2,'RoterKnopfFromSE.jpg','Roter Knopf','Berg in der Schobergruppe an der Grenze Kärnten / Osttirol',12.7392,46.9789),(94,2,'Hohe Mut 2.jpg','no label','Berg in Österreich',11.03056,46.84861),(95,2,'HochstuhlVomWainaschGesehen.jpg','Hochstuhl','Berg in den Karawanken an der Grenze Kärnten / Slowenien',14.173888888889,46.433888888889),(96,2,'Ahornkogel Altausseer See.jpg','Ahornkogel','Berg im Toten Gebirge in der Steiermark, südlich der Trisselwand',13.815308,47.639406),(97,2,'Daniel-Upsspitze Gipfelgrat Blick nach Norden.JPG','Hochwanner','Berg in den Ammergauer Alpen in Tirol',10.8817,47.4433),(98,2,'Großer Happ von der Weißspitze b.JPG','Südlicher Happ','Berg in Österreich',12.315642,47.082373),(99,2,'Großes Fieberhorn.jpg','Großes Fieberhorn','Berg im Tennengebirge in Salzburg',13.238041,47.494589),(100,2,'Bieltal-Silvretta09.jpg','Hennebergspitzen','Bergkette in der Silvretta in Tirol',10.159208,46.907575),(101,2,'Lungauer von Steirischer Kalkspitze.JPG','Lungauer Kalkspitze','Berg in den Schladminger Tauern in Salzburg',13.62510556,47.27210556),(102,2,'Schlicker Seespitze W.JPG','Schlicker Seespitze','Berg in den Alpen',11.2733,47.1456),(103,2,'Aperer Pfaff NE.JPG','Aperer Pfaff','Berg in Österreich',11.13996,46.97168),(104,2,'Hoadl.JPG','Hoadl','Berg in den Alpen',11.2817,47.1831),(105,2,'Drachenwand from Mondsee.jpg','Drachenwand','Berg in den Salzkammergut-Bergen an der Grenze Oberösterreich / Salzburg',13.347309,47.813858),(106,2,'Zischgeles.JPG','Zischgeles','Berg in den Alpen',11.0947,47.1314),(107,2,'Venet.jpg','Venet','Bergstock der Ötztaler Alpen in Tirol',10.66056,47.15472),(108,2,'Hoher Fraßen.JPG','Hoher Fraßen','Berg in den Alpen',9.83389,47.1922),(109,2,'Roßkopf (Halltal) from E.JPG','Rosskopf','Berg im Karwendel',11.4419,47.3394),(110,2,'Klammerköpfe from Northwest (cropped).jpg','Westlicher Klammerkopf','Berg in der Schobergruppe in Kärnten',12.759657,46.95855),(111,2,'Großer Sonnstein Ebensee am Traunsee 20101022.jpg','Großer Sonnstein','Berg im Gemeindegebiet von Ebensee am Traunsee am Westufer des Traunsees',13.77431,47.82392),(112,2,'20150627 Rodaun Mizzi-Langer-Wand 7933.jpg','Zugberg','Berg in Wien',16.25038,48.13243),(113,2,'Seekarspitze von Achenkirch.jpg','Seekarspitze (Achensee)','Berg in den Alpen',11.6828,47.4797),(114,2,'Riede Reisenberg VI.jpg','Reisenberg','Berg in Wien',16.322222222222,48.263611111111),(115,2,'KalserToerl.jpg','Kalser Bärenkopf','Berg in der Granatspitzgruppe in Tirol',12.601111111111111,47.1125),(116,2,'Laercheck von Norden-1.jpg','Lärchegg','Berg im Kaisergebirge in Tirol',12.351388888889,47.569166666667),(117,2,'Bieltal-Silvrettasee-Wanderer-01.jpg','Kresperspitze','Berg in der Silvretta in Vorarlberg',10.077702,46.929254),(118,2,'Gilfert und Großer Gamsstein.jpg','Großer Gamsstein','Berg in den Tuxer Alpen in Tirol',11.74806,47.28222),(119,2,'Bezau Hangspitze.JPG','Hangspitze','Berg in den Alpen',9.849722222222223,47.35916666666667),(120,2,'Birkkarspitze Gipfel HQ.jpg','Birkkarspitze','Berg in den Alpen',11.4375,47.411389),(121,2,'Kampalpe 05.jpg','Kampalpe','Berg in der Rax-Schneeberg-Gruppe an der Grenze Niederösterreich / Steiermark',15.742288,47.632443),(122,2,'Scheffauer.jpg','Scheffauer','Berg in den Alpen',12.241666666667,47.557222222222),(123,2,'Kuhkopf Berg.jpg','Kuhkopf','Berg in den Alpen',11.4561,47.4361),(124,2,'Hochtennspitze.jpg','Hochtennspitze','Berg in den Alpen',11.29,47.17083333),(125,2,'Riepenwand NW.JPG','Riepenwand','Berg in den Alpen',11.2742,47.1489),(126,2,'Krummbachstein Dec2009.jpg','Krummbachstein','Berg in den Alpen',15.8329,47.7426),(127,2,'Seebachtal Talschluss - Lassacher Winkel.jpg','Schneewinkelspitze','Berg in den Alpen',13.3008,47.0033),(128,2,'Baerenkopf Karwendel.jpg','Bärenkopf','Berg in den Alpen',11.71227,47.41453),(129,2,'Hammerspitze.jpg','Hammerspitze','Berg in den Stubaier Alpen in Tirol, Österreich',11.352861,47.079094),(130,2,'RofelewandVonOsten.jpg','no label','Berg in Österreich',10.805,47.037777777778),(131,2,'Adalbert Stifter - Blick auf Kremsmünster und Umgebeung.jpg','Gusterberg','Berg in den Alpen',14.1364,48.0375),(132,2,'Birnhorn-2.jpg','Birnhorn','Berg in Österreich',12.733611,47.474722),(133,2,'KesselwandspitzeFromNNW.JPG','Kesselwandspitze','Berg in den Alpen',10.8,46.8489),(134,2,'Umbaltal 035.JPG','Umbalköpfl','Berg in der Venedigergruppe an der Grenze Salzburg / Osttirol',12.248565,47.07052),(135,2,'Petersköpfl.jpg','Petersköpfl','Berg in den Alpen',12.246555555556,47.609305555556),(136,2,'Strahlkopf von Osten (vom Schönen Mann aus aufgenommen).jpg','Strahlkopf','Berg im Bregenzerwaldgebirge in Vorarlberg',9.72167,47.35361),(137,2,'Pockkogel.JPG','Pockkogel','Berg in den Alpen',11.0422,47.1978),(138,2,'Untersberg Geiereck.jpg','Geiereck','Gipfel im Untersbergmassiv an der Grenze Salzburg / Bayern',13.008807,47.722468),(139,2,'Obertraun, Austria - panoramio (6).jpg','Gschirrkogel','Berg im Dachsteingebirge in der Steiermark',13.755158,47.559944),(140,2,'Schesaplana.jpg','Schesaplana','Berg im Rätikon an der Grenze Vorarlberg / Kanton Graubünden',9.7074,47.05385),(141,2,'Frauenkogel Maria-Staßengel.jpg','Frauenkogel','Berg im Grazer Bergland in der Steiermark',15.349247,47.106902),(142,2,'Hochferner Hochfeiler Weißzint 070707.jpg','Hochfeiler','Berg in den Zillertaler Alpen an der Grenze Tirol / Südtirol',11.727675,46.972519),(143,2,'Madrisella 2791.JPG','Madrisella','Berg in der Silvretta in Vorarlberg',9.98611,46.9594),(144,2,'Monteneu.jpg','Monteneu','Berg im Verwall in Vorarlberg',9.91194,47.10917),(145,2,'Falkengruppe.jpg','Mahnkopf (Karwendel)','Berg in den Alpen',11.50778,47.41222),(146,2,'MuckenkogelHinteralm.jpg','Muckenkogel','Berg in Österreich',15.6077776,47.98055649),(147,2,'Hohe Trett.jpg','Hohe Trett','Berg in den Rottenmanner Tauern in der Steiermark',14.204424,47.519145),(148,2,'Hornbachspitze from Öfnerspitze.JPG','Hornbachspitze','Berg in den Allgäuer Alpen in Tirol',10.356535,47.315555),(149,2,'Grubenwand NE.JPG','Grubenwand','Berg in den Alpen',11.1178,47.1178),(150,2,'Großvenediger, Hohes Aderl d.JPG','Schwarze Ader','Berg in der Venedigergruppe in Tirol',12.338611111111112,47.09166666666667),(151,2,'Hafelekar vm02.jpg','Hafelekarspitze','Berg in den Alpen',11.383333,47.316667),(152,2,'Schuchtkogel NW.jpg','Schuchtkogel','Berg in den Alpen',10.8756,46.8975),(153,2,'1308 - Zell am See.JPG','Schönwieskopf','Berg in den Dientener Bergen in Salzburg',12.87501,47.353673),(154,2,'Compton, 1904, Roggelskopf von der Masonalpe.jpg','Roggelskopf','Berg in den Alpen',9.9575,47.1525),(155,2,'Achbergzug.png','Achberg','Berg im Mieminger Gebirge in Tirol',11.0142,47.2983),(156,2,'Tristkopf (Kitzbüheler Alpen).jpg','Tristkopf','Berg in den westlichen Kitzbüheler Alpen',12.143889,47.288889),(157,2,'Gruenaubach-Tal.jpg','Geißstein','Berg in den Oberösterreichischen Voralpen in Oberösterreich',14.04242,47.84017),(158,2,'Pulverturm from Klafferscharte 00133.jpg','Pulverturm','Berg in den Schladminger Tauern in der Steiermark',13.8005,47.341388888888886),(159,2,'Gipfelkreuz Ragazer Blanken.jpg','Ragazer Blanken','Berg in den Alpen',9.8525,47.3047),(160,2,'Leilachspitze.JPG','Leilachspitze','Berg in den Alpen',10.5461,47.4386),(161,2,'Bad Deutsch-Altenburg Steinbruch Pfaffenberg 2011.jpg','Pfaffenberg','Berg in Österreich',16.9217,48.1319),(162,2,'Vorderer Seekopf vom Rauhkopf.JPG','Vorderer Seekopf','Berg in der Venedigergruppe in Tirol',12.401574,47.072515),(163,2,'Fluchtkogel.jpg','Fluchtkogel','Berg in den Alpen',10.7925,46.857777777778),(164,2,'PfennigbergDonauLinz.jpg','Pfenningberg','Berg in Oberösterreich östlich von Linz',14.3578,48.309635),(165,2,'Rinnkogel.jpg','Rinnkogel','Berg in den Alpen',13.4858,47.6667),(166,2,'Rietzer Grieskogel Kühtai.JPG','Rietzer Grießkogel','Berg in den Stubaier Alpen in Tirol',11.0586,47.2458),(167,2,'HochjochHerzsee.JPG','Hochjoch','Berg im Verwall in Vorarlberg',9.98806,47.0661),(168,2,'Sulzkogel von Osten.JPG','Sulzkogel','Berg in den Alpen',11.0115,47.1821),(169,2,'Hochplattig von Untermieming.JPG','Hochplattig','Berg in den Alpen',10.988333333333,47.353055555556),(170,2,'Kreuzkogel, Sportgastein 01.JPG','Niederer Tauern','hochalpiner Gebirgspass in den Hohen Tauern',13.1,47.05),(171,2,'HoheWasserfalleFromESE.jpg','Hohe Wasserfalle','Gipfel am Vereinigungspunkt dreier scharfer, fast ebener Grate in den nördwestlichen Stubaier Alpen in Tirol',10.971667,47.165),(172,2,'Jainzenberg.jpg','Jainzenberg','Stadtberg von Bad Ischl in Oberösterreich',13.61667,47.71667),(173,2,'Berg-Hexenkopf.jpg','Hexenkopf','Berg in der Samnaungruppe in Tirol',10.4689,47.0211),(174,2,'Gamsspitze und Gramul.jpg','Gamsspitze','Berg in der Glocknergruppe in Osttirol',12.662409,47.069176),(175,2,'Verwall Patteriol.jpg','Patteriol','Berg im Verwall in Tirol',10.18722222,47.04416667),(176,2,'Sexegertenspitze and other mountains.jpg','Sexegertenspitze','Berg in den Ötztaler Alpen in Tirol',10.7928,46.8853),(177,2,'Dachstein West Hornspitz.jpg','Hornspitz','Berg im Dachsteingebirge an der Grenze Oberösterreich / Salzburg',13.4782,47.568074),(178,2,'Vordere Platteinspitze Tarrenz.JPG','no label','Berg in Österreich',10.69194,47.27),(179,2,'Am Himmel, beim Lebensbaumkreis - panoramio.jpg','Am Himmel','Anhöhe in Wien',16.31028,48.26217),(180,2,'Riegelkopf, Teufelspitze und Riegelturm, dahinter Kitzsteinhorn.JPG','Riegelkopf','Berg in der Granatspitzgruppe an der Grenze Salzburg / Osttirol',12.537107,47.133227),(181,2,'Kleines Happ b.JPG','Kleiner Happ','Berg in der Venedigergruppe in Osttirol',12.329152,47.07197),(182,2,'Schiffall und Kreuzkogel.jpg','Schiffall','Berg in Österreich',15.33916667,47.31166667),(183,2,'Weidenbach (March) bei Groß-Schweinbarth.JPG','Wartberg','Berg in Niederösterreich in der Gemeinde Groß-Schweinbarth',16.624722222222,48.429166666667),(184,2,'SaeulkopfVonSO.jpg','Säulkopf','Berg in der Venedigergruppe in Osttirol',12.42015,47.04843),(185,2,'20170211 Eisenerz 1525.jpg','Mitterriegel','Berg in den Ennstaler Alpen in der Steiermark',14.86396,47.538833),(186,2,'Maedelegabel.jpg','Mädelegabel','Berg in den Allgäuer Alpen',10.295833333333,47.3),(187,2,'01 Stillup Tal Ursprung 19 06 2005.JPG','Grüne-Wand-Spitze','Berg in den Zillertaler Alpen an der Grenze Tirol / Südtirol',11.956715,47.043463),(188,2,'Lieferinger Hügel.jpg','Lieferinger Hügel','Erhebung im Ortsteil Liefering der Stadt Salzburg',13.0074,47.824),(189,2,'Gaisberg-AT-Tirol.jpg','Gaisberg','Berg in den Kitzbüheler Alpen in Tirol',12.287298,47.42658),(190,2,'Gamskarlspitze (2833m) from Hannoverhaus.jpg','Gamskarlspitze','Berg an der Grenze Salzburg / Kärnten',13.161934,47.037076),(191,2,'2011 Wilder Kaiser 092 Vordere und Hintere Karlspitze 2260 2281.JPG','Vordere Karlspitze','Berg im Kaisergebirge in Tirol',12.315906,47.563985),(192,2,'Hegerberg Gipfelkreuz.jpg','Hegerberg (Wienerwald)','Berg in den Alpen',15.7767,48.1322),(193,2,'GrenzeckkopfFromN.JPG','Grenzeckkopf','Berg in der Silvretta an der Grenze Tirol / Kanton Graubünden',10.23274,46.8663),(194,2,'Knittelkarspitze Gipfelaufbau.jpg','Knittelkarspitze','Berg in den Alpen',10.6506,47.3756),(195,2,'Kaltbruendlwiese.jpg','Kaiserzipf','Berg im Lainzer Tiergarten in Wien',16.213741,48.156368),(196,2,'Grünau i Almtal Schermberg Nordwand.jpg','Schermberg','Berg in den Alpen',14.0353,47.7153),(197,2,'GreimFromSE-Hinterburg.jpg','Greim','Berg in den niederen Tauern',14.1514,47.2475),(198,2,'Saulakopf2517m.jpg','Saulakopf','Berg im Rätikon in Vorarlberg',9.76904,47.07936),(199,2,'Innere Wetterspitze (DSC00785).jpg','Wetterspitze (Berggipfel in Österreich)','Berg in Österreich',10.366666666667,47.2),(200,2,'Hochwand SE.JPG','Hochwand','Berg in den Alpen',11.0128,47.3589),(201,2,'Schwarzwand (Mangfallgebirge).jpg','Schwarzwand','Berg in Österreich',13.6924,47.00718),(202,2,'Westlicher Ochsenhofer Kopf from West.JPG','Westlicher Ochsenhofer Kopf','Berg in den Alpen',10.0939,47.325),(203,2,'Habach.jpg','Plattiger Habach','Berg in den Alpen',12.3712,47.1411),(204,2,'Galgen bei Messern.jpg','Galgenberg','Berg in der Gemeinde Irnfritz-Messern in Niederösterreich',15.506491666667,48.731441666667),(205,2,'Pfasserspitze.jpg','Pfasserspitze','Berg in den Ötztaler Alpen an der Grenze Tirol / Südtirol',10.927151,46.773256),(206,2,'Ramolhaus Gurgler Ferner.jpg','Falschunggspitze','Berg in den Ötztaler Alpen an der Grenze Tirol / Südtirol',10.987307,46.767981),(207,2,'Hochleckenkogel 20130302.jpg','Hochleckenkogel','Berg des Höllengebirges in den Alpen',13.6211,47.8272),(208,2,'Dichtenkogel mit Oberen und Niederem Fürleger vom Matreier Tauernhaus.JPG','Dichtenkogel','Berg in der Venedigergruppe an der Grenze Salzburg / Osttirol',12.463888888889,47.146944444444),(209,2,'2013-06-19 21h00 Irrsberg um 21 Uhr in gewitterigem Himmel 02.png','Irrsberg','Berg im Land Salzburg',13.27372,47.956623055556),(210,2,'Lüsener Fernerkogel von Norden.JPG','Lüsener Fernerkogel','Berg in den Alpen',11.1,47.083333333333),(211,2,'Hirschwaldstein 1.jpg','Hirschwaldstein','Berg in den Alpen',14.1758,47.8883),(212,2,'Gipfelkreuz Hochblanken.jpg','Hochblanken','Berg in den Alpen',9.86917,47.3117),(213,2,'Schiedeck.JPG','Schiedeck','Berg in den Schladminger Tauern',13.65,47.31667),(214,2,'WildmahdspitzeII.JPG','Wildmahdspitze','Berg in den Alpen',10.2969,47.2733),(215,2,'Gemeinde Kals am Großglockner, 9981, Austria - panoramio (2).jpg','Figerhorn','Berg in der Glocknergruppe in Osttirol',12.675187,47.031276),(216,2,'Pfannstein Steinbach am Ziehberg-9136.jpg','Pfannstein','Berg in den Oberösterreichischen Voralpen in Oberösterreich',14.079,47.86003),(217,2,'20090906-Obere Wettersteinspitze vom Lautersee.JPG','Wettersteinspitzen','Berg in den Alpen',11.1919,47.4266),(218,2,'Roter Knopf, Glödis, Talleitenspitze vom Debantgrat a.JPG','Südliche Talleitenspitze','Berg in der Schobergruppe an der Grenze Kärnten / Osttirol',12.7413,46.969362),(219,2,'Riegelturm, Teufelsspitz und Riegelkopf vom Abstieg vom Wildenkogel.JPG','Riegelturm','Berg in der Granatspitzgruppe an der Grenze Salzburg / Osttirol',12.529517,47.137988),(220,2,'Hochrettelstein 2.jpg','Hochrettelstein','Berg in den Niederen Tauern in der Steiermark',14.232222222222,47.424722222222),(221,2,'Vordere Karlesspitze Stubaier Alpen.JPG','no label','Berg in Österreich',10.97222,47.20833),(222,2,'Sternstein von Osten.jpg','Sternstein','Berg in Österreich',14.2675,48.56),(223,2,'Moderspitze 8008.jpg','Moderspitze','Berg in den Schladminger Tauern in der Steiermark',13.80325,47.355605),(224,2,'Plece and its neighbourhood - panoramio.jpg','Klagenfurter Spitze','Berg in den Karawanken an der Grenze Kärnten / Slowenien',14.178932,46.437163),(225,2,'Venedigergruppe vom Gschlößtal.jpg','Kleinvenediger','Berg in der Venedigergruppe an der Grenze Salzburg / Osttirol',12.3589,47.1164),(226,2,'Gr. Buchstein from Admont (1).jpg','Großer Buchstein','Berg in den Alpen',14.5967,47.6103),(227,2,'Gamswiesenspitzen und Bloßkofel.jpg','Große Gamswiesenspitze','Berg in den Lienzer Dolomiten in Tirol',12.78306,46.76639),(228,2,'Sandling.jpg','Sandling','Berg in den Alpen',13.7147,47.6569),(229,2,'Elm2, Totes Gebirge.jpg','Elm','Berg im Toten Gebirge in der Steiermark',13.962624,47.673687),(230,2,'Krapfbrachkopf.jpg','Kempsenkopf','Berg in den Alpen',12.7489,47.1947),(231,2,'Larmkogelgipfel (3017m) - Venedigergruppe (Hohe Tauern) - Österreich.JPG','Larmkogel','Berg in den Alpen',12.4039,47.1736),(232,2,'HeubergSalzburgJ02.JPG','Heuberg','Berg in den Salzkammergut-Bergen in Salzburg',13.107894,47.831254),(233,2,'Seelenkogel.jpg','Hinterer Seelenkogel','Berg in den Alpen',11.044444444444,46.801388888889),(234,2,'Prinzkogel 02.jpg','Prinzkogel','Berg in Österreich',15.81194444,47.51361111),(235,2,'Beautiful landscapes surrounding Mozart\'s birthplace- Alps Ice-mountain near sky.jpg','Zinggetzkamp','Berg in der Schobergruppe an der Grenze Kärnten / Tirol',12.754149,47.026303),(236,2,'WurmtalerKopf.jpg','Wurmtaler Kopf','Berg in den Alpen',10.7956,46.9385),(237,2,'Kanzelwand Schuesser.JPG','Kanzelwand','Berg in den Alpen',10.2075,47.335),(238,2,'Baerenberg Wien 1.jpg','Bärenberg','Berg in Wien',16.20059,48.1613),(239,2,'Goeller von norden.jpg','Göller','Berg in den Mürzsteger Alpen in Niederösterreich',15.4922,47.7936),(240,2,'Zopetspitze von der Weißspitze a.JPG','Zopetkopf','Berg in Österreich',12.362789,47.060793),(241,2,'Saalfelden Becken.jpg','Kühbichl','Berg in Österreich',12.8525,47.4122),(242,2,'Rotgueldensee-grHafner.jpg','no label','Berg in Österreich',13.66666667,47.11666667),(243,2,'Höhenzug „Hochplett“.JPG','Hochplett','Bergmassiv der Mondseer Flyschberge im oberösterreichischen Salzkammergut',13.46936,47.82197),(244,2,'Eichkogel panorama.jpg','Eichkogel','Berg in den Alpen, Niederösterreich',16.2925,48.0625),(245,2,'Gasteiner Tal - Graukogel.jpg','Graukogel','Berg in der Ankogelgruppe in Salzburg',13.171418,47.097244),(246,2,'Herrweg christaturm fleischbank.jpg','Christaturm','Gipfel im Wilden Kaiser in Tirol',12.316389,47.5675),(247,2,'Acherkogel HQ.jpg','Acherkogel','Berg in den Alpen',10.956388888889,47.189166666667),(248,2,'AhrnerKopfFromW.JPG','Ahrner Kopf','Berg in der Venedigergruppe an der Grenze Tirol / Südtirol',12.21731,47.04755),(249,2,'RofelewandVonOsten.jpg','Rofelewand','Berg in den Alpen',10.818333333333,47.032222222222),(250,2,'Eiskarlspitze.JPG','Eiskarlspitze','Berg in den Alpen',11.5587,47.3767),(251,2,'Gaisberg 05.jpg','Gaisberg','Berg im Grazer Bergland in der Steiermark',15.379696,47.069127),(252,2,'Košutica, Veliki vrh, vmes Kladivo in Košutnikov turn 2013.jpg','Loibler Baba','Berg in den Karawanken an der Grenze Kärnten / Slowenien',14.2992,46.4386),(253,2,'Finsterkarspitze von oberhalb der Johannishütte.JPG','Finsterkarspitze','Berg der Lasörlinggruppe in der Venedigergruppe in Osttirol, Österreich',12.304722222222223,46.97388888888889),(254,2,'Hohenthurn Blick zum Kapin und Göriacher Berg NO-Ansicht 16052017 8458.jpg','Göriacher Berg','Berg in den Karnischen Alpen an der Grenze Kärnten / Friaul-Julisch Venetien',13.592816,46.545978),(255,2,'Streitmandl.jpg','Streitmandl','Berg in den Alpen',13.2449,47.5026),(256,2,'Fellhorn (Chiemgauer Alpen) von Norden.jpg','Fellhorn','Berg in den Chiemgauer Alpen',12.5003,47.6097),(257,2,'Duisitzer Hahnkamp.jpg','Duisitzer Hahnkamp','Berg in den Schladminger Tauern in der Steiermark',13.694203,47.287659),(258,2,'Fasslberg von Westen.JPG','Faßlberg','Berg in Wien',16.23386,48.15267),(259,2,'Marchspitze.jpg','Marchspitze','Berg in den Allgäuer Alpen in Tirol',10.3747,47.315),(260,2,'Blaser N.JPG','Blaser (Berg)','Berg in den Stubaier Alpen im österreichischen Bundesland Tirol',11.4117,47.1064),(261,2,'Schneiderspitze.jpg','Schneiderspitze','Berg in den Alpen',11.3081,47.185),(262,2,'Riegelturm, Teufelsspitz und Riegelkopf vom Abstieg vom Wildenkogel.JPG','Teufelspitze','Berg in der Granatspitzgruppe an der Grenze Salzburg / Osttirol',12.535419,47.136984),(263,2,'KnotenFromSE.jpg','Knoten','Gipfel in der Silvretta an der Grenze zwischen Vorarlberg und Graubünden',10.08744,46.86156),(264,2,'Laserzwand - Von der Forststrasse zur Kalsbader Hütte.jpg','Laserzwand','Berg in den Alpen',12.8012,46.7727),(265,2,'RameschWithCave.jpg','Ramesch','Berg in den Alpen',14.25,47.65),(266,2,'Gespitzter Riegel.jpeg','Gespitzter Riegel','Berggipfel im Rosaliengebirge in Niederösterreich',16.2967,47.7586),(267,2,'Monte Coglians visto dal monte Zoncolan.jpg','Hohe Warte','Berg der Karnischen Alpen in der Grenze Kärnten / Friaul-Julisch Venetien',12.88254,46.607191),(268,2,'Rosenjoch von Norden 2.jpg','Rosenjoch','Berg in Österreich',11.54324722,47.17990278),(269,2,'Largoz.jpg','Largoz','Berg in den Tiroler Alpen',11.5925,47.2414),(270,2,'Demeljoch Nord.jpg','Zotenjoch','Berg in Österreich',11.59389,47.544474),(271,2,'Oisternig from Windische Höhe.jpg','Osternig','Berg in den Karnischen Alpen an der Grenze Kärnten / Friaul Julisch-Venetien',13.499589,46.565878),(272,2,'Plumsjoch (rechts) und die Montscheinspitze.jpg','Plumsjoch','Berg im Vorkarwendel in Tirol',11.6111,47.4567),(273,2,'Lofer Church.jpg','Breithorn','Berg in den Loferer Steinbergen an der Grenze Salzburg / Tirol',12.642781,47.555866),(274,2,'Königsleitenspitze2.jpg','Königsleitenspitze','Berg in den Kitzbüheler Alpen an der Grenze Salzburg / Tirol',12.089601,47.261405),(275,2,'Gamsspitz, Totes Gebirge, from NE.jpg','Gamsspitz','Berg im Toten Gebirge an der Grenze Oberösterreich / Steiermark',14.060126,47.617951),(276,2,'Hahnenkamm in May.jpg','Hahnenkamm','Berg in den Alpen',12.365277777778,47.424166666667),(277,2,'Greitspitz.jpg','Greitspitze','Berg in der Samnaungruppe auf der Grenze zwischen Tirol und Kanton Graubünden',10.33416667,46.97027778),(278,2,'Warscheneck.jpg','Warscheneck','Berg in den Alpen',14.2408,47.6525),(279,2,'Roteflueh.JPG','Rote Flüh','Berg in den Alpen',10.6086,47.4994),(280,2,'Rotwandhaus.jpg','Hinteres Sonnwendjoch','Berg im Mangfallgebirge den Tirol',11.949609,47.598579),(281,2,'Hochgolling 1178.JPG','Hochgolling','Berg in den Alpen',13.761666666667,47.266666666667),(282,2,'Glocknerkamm.jpg','Unterer Kasten','Berg in der Glocknergruppe in Tirol',12.635555555556,47.093611111111),(283,2,'Lärchkogel Gleinalpe 1.jpg','Lärchkogel','Gipfel im Höhenzug der Gleinalpe',15.065891,47.241062),(284,2,'Die Mute bij Kühtai.JPG','no label','Berg in Österreich',11.01667,47.20056),(285,2,'Schrankogl w.jpg','Schrankogel','Berg in den Alpen',11.0992,47.0447),(286,2,'Lech - Rauher-Kopf-Scharte 02.jpg','Rauher Kopf','Berg in den Lechtaler Alpen an der Grenze Tirol / Vorarlberg',10.20139,47.19583),(287,2,'Lünersee07.jpg','Seekopf','Berg im Rätikon in Vorarlberg',9.735923,47.057482),(288,2,'Obere Wildgrubenspitze SW.JPG','Obere Wildgrubenspitze','Berg im Lechquellengebirge in Vorarlberg',10.121001,47.17231),(289,2,'Platte Mittersill.jpg','Platte (Mittersill)','Berg in den Alpen',12.4633,47.2575),(290,2,'Masenberg Pano heading S.jpg','Masenberg','Berg im Joglland in der Steiermark',15.874889,47.349058),(291,2,'SeekogelFromE.jpg','Seekogel','Berg in den Alpen',10.8108,46.9714),(292,2,'Hohe Dock.jpg','Hohe Dock','Berg in den Alpen',12.740689,47.131038),(293,2,'Eisernes Bergl Totes Gebirge 20090706.jpg','Eisernes Bergl','Berg im Toten Gebirge, zwischen Warscheneck und Angerkogel, in Oberösterreich',14.240208,47.637632),(294,2,'Fineilspitze.jpg','Fineilspitze','Berg in den Ötztaler Alpen an der Grenze Tirol / Südtirol',10.831666666667,46.780277777778),(295,2,'Fundelkopf vom Nenzinger Himmel.jpg','Fundelkopf','Berg in Vorarlberg',9.67656,47.11018),(296,2,'Wien-Hietzing - Naturdenkmal 478 - Urwald am Johannser Kogel I.jpg','Johannser Kogel','Berg in Wien',16.21839,48.18914),(297,2,'Frauenkogel Graz 02.jpg','Frauenkogel','Berg im Grazer Bergland in Graz in der Steiermark',15.370679,47.092175),(298,2,'Barthgrat.jpg','Jägerkarspitzen','Berg in den Alpen',11.3753,47.3542),(299,2,'Preber.jpg','Preber','Berg in den niederen Tauern',13.8647,47.2197),(300,2,'Tennengebirge Fritzerkogel Bleikogel.JPG','Fritzerkogel','Berg in den Alpen',13.3294,47.5097),(301,2,'Symbrunn.jpg','Luisenhöhe','Berg in Österreich',13.6222706,48.1768165),(302,2,'St-Ramsau-Rössing-1.jpg','Rössingkogel','Berg in der Steiermark',13.733888888889,47.426111111111),(303,2,'SchießlingvonSüdosten.jpg','Schießling','Berg in den Alpen',15.28333,47.58333),(304,2,'Giglturm von Biberacher Hütte.jpg','Giglturm','Berg im Lechquellengebirge in Vorarlberg',10.03333,47.26556),(305,2,'AchenseeWinter13.JPG','Dalfazer Wände','Bergkamm in den Brandenberger Alpen in Tirol',11.7536,47.4533),(306,2,'Großer Otter1.jpg','Otter','Berg in Österreich',15.915,47.63),(307,2,'Brennet Winter.jpg','Brennet (Berg)','Berg in den Alpen',14.14055556,47.81888889),(308,2,'Blick vom Wildenkogel auf Venedigermassiv sowie Inneren und Äußeren Knorrkogel c.JPG','Äußerer Knorrkogel','Berg in Österreich',12.43972206,47.10333252),(309,2,'Wankspitze NW.JPG','Wankspitze','Berg in den Alpen in Tirol',10.9386,47.3375),(310,2,'Aherkogel1.jpg','Aherkogel','Berg in den Alpen',10.79056,47.08361),(311,2,'Hohenems Blick auf Alt-Ems 2.jpg','Schlossberg Hohenems','Berg in der Gemeinde Hohenems in Vorarlberg (Österreich)',9.698222,47.365917),(312,2,'Freispitze and Memminger Hütte from East.jpg','Seekogel (Lechtaler Alpen)','Berg in den Alpen',10.4758,47.2044),(313,2,'Großer Bratschenkopf.jpg','Bratschenköpfe','Gipfel in den Berchtesgadener Alpen',13.079444444444,47.419166666667),(314,2,'Mariazell vom Sigmundsberg aus.JPG','Bürgeralpe','Berg in den Alpen',15.3297,47.7875),(315,2,'Tribulaune.jpg','Tribulaun','Berg in den Stubaier Alpen an der Grenze Tirol / Südtirol',11.333333,46.983333),(316,2,'Grieskogel SE.JPG','Grieser Grieskogel','Berg in den Stubaier Alpen in Tirol',11.110652,47.168864),(317,2,'Speicher Finstertal met Finstertaler Schartenkopf.jpg','no label','Berg in Österreich',11.01667,47.16667),(318,2,'Reisalpe-BlickUnterberg.jpg','Unterberg','Berg in den Gutensteiner Alpen in Niederösterreich',15.8192,47.9383),(319,2,'Sparber from NW.JPG','Sparber','Berg in den Alpen',13.4658,47.6942),(320,2,'Admonter Reichenstein 2.jpg','Admonter Reichenstein','Berg in den Alpen',14.5433,47.5492),(321,2,'Koschuta 1.jpg','Hohe Spitze','Berg in den Karawanken an der Grenze Kärnten / Slowenien',14.38146,46.439072),(322,2,'BlickTürnitzerHöger.jpg','Türnitzer Höger','Berg in den Türnitzer Alpen in Niederösterreich',15.555555555555555,47.91972222222222),(323,2,'Oberer landawiersee163.JPG','Samspitze','Berg in den Schladminger Tauern an der Grenze Salzburg / Steiermark',13.7297,47.276904),(324,2,'Porze.JPG','Porze','Berg in den Karnischen Alpen an der Grenze Tirol / Provinz Belluno',12.5693,46.6515),(325,2,'Spielberghorn.jpg','no label','Berg in Österreich',12.632222,47.432222),(326,2,'Hochwanner von S HQ.jpg','Hochwanner','Berg im Wettersteingebirge an der Grenze Bayern / Tirol',11.054166666667,47.395833333333),(327,2,'Hählekopf from Kreuzmandl.JPG','Hählekopf','Berg in den Alpen',10.0706,47.3467),(328,2,'KeeskogelVenedigergruppeSE.jpg','Keeskogel','Berg in der Venedigergruppe in Salzburg',12.3114,47.1361),(329,2,'Saile, Nederjoch und Jochkreuz.JPG','Nederjoch','Berg in den Stubaier Alpen in Tirol',11.337116,47.183061),(330,2,'Sonnblick Hocharn Jul2007.jpg','Hoher Sonnblick','Berg in den Alpen',12.9575,47.053888888889),(331,2,'Zwölfer von Milders.JPG','Zwölferspitze','Berg in den Alpen',11.2997,47.0767),(332,2,'Elferkogel Bad Goisern.jpg','Elferkogel (Berggipfel)','Berg in Österreich',13.6183,47.6017),(333,2,'Elmscharte - Warscheneckgruppe20181104.jpg','Pyhrner Kampl','Berg im Toten Gebirge an der Grenze Oberösterreich / Steiermark',14.198657,47.648949),(334,2,'Winter in the wilderness (Unsplash).png','Knoppenjochspitze','Berg in den Lechtaler Alpen in Tirol',10.229716,47.154505),(335,2,'Rotgschirr (Nordseite).jpg','Rotgschirr','Berg in den Alpen',13.9952531,47.7005931),(336,2,'Dreistecken.jpg','Dreistecken','Berg in den Rottenmanner Tauern in der Steiermark',14.395665,47.458165),(337,2,'KurparkOberlaa5.JPG','Laaer Berg','Berg am Südrand Wiens, Österreich',16.3939,48.1604),(338,2,'Spitzegel.jpg','Spitzegel','Berg in den Gailtaler Alpen in Kärnten',13.4103,46.655),(339,2,'Weissenbachtal Grundlsee mit Rötelstein 1845-18.jpg','Rötelstein','Berg im Toten Gebirge in der Steiermark',13.846957,47.593628),(340,2,'Leonsberg W.JPG','Gartenzinken','Berg in den Salzkammergut-Bergen in Oberösterreich',13.560236,47.740613),(341,2,'Larchetkarspitze SW.JPG','Larchetkarspitze','Berg in den Alpen',11.3542,47.4106),(342,2,'Am Dreimarkstein.JPG','Dreimarkstein','Berg im Wienerwald in Niederösterreich an der Grenze zu Wien',16.2847,48.2589),(343,2,'Große Kinigat2.jpg','Große Kinigat','Berg in den Karnischen Alpen an der Grenze Osttirol / Provinz Belluno',12.523888888889,46.675555555556),(344,2,'Reichenspitzgruppe vom Salzachgeier.jpg','Reichenspitze','Berg in den Zillertaler Alpen an der Grenze Salzburg / Tirol',12.1106,47.1392),(345,2,'Hochvernagtspitze N.JPG','Pitztaler Urkund','Berg in den Ötztaler Alpen in Tirol',10.80917,46.89528),(346,2,'Totenkopf 3151m asl.JPG','Totenkopf','Berg in den Hohen Tauern',12.6597,47.1267),(347,2,'Pletzen.jpg','Pletzen','Berg in den Alpen',14.6169,47.3328),(348,2,'Vogelkarspitze bis Grabenkarspitze HQ.jpg','Grabenkarspitze','Berg in den Alpen',11.4314,47.4394),(349,2,'Zafernhorn von der Alpe Oberdamüls.jpg','Zafernhorn','Berg im Lechquellengebirge',9.92516,47.27019),(350,2,'Lutz Blasenka 2004m.JPG','Blasenka','Berg in Österreich',9.94556,47.25698),(351,2,'Bärenköpfe und Wiesbachhorn.jpg','Großer Bärenkopf','Berg in der Glocknergruppe an der Grenze Kärnten / Salzburg',12.731538,47.13107),(352,2,'Goesingberg.JPG','Gösing','Berg in den Gutensteiner Alpen in Niederösterreich',15.98894,47.73865),(353,2,'Kleiner Lafatscher HQ.jpg','Kleiner Lafatscher','Berg in den Alpen',11.4572,47.3469),(354,2,'Vordere Gubachspitze von der Weißspitze.JPG','Reggentörlturm','Berg in Österreich',12.258552,47.054864),(355,2,'Grasberg.JPG','Gmundnerberg','Berg in Österreich',13.7277,47.9082),(356,2,'Fleischbank Karwendel MQ.jpg','Fleischbank','Berg in Österreich',11.5194,47.4789),(357,2,'Bocksberg17.jpg','Bocksberg (Berg in Vorarlberg)','Berg in der Nähe von Ebnit im Bregenzerwaldgebirge',9.757369,47.360708),(358,2,'Thierberg1.jpg','Thierberg','Berg in den Alpen',12.164444444444,47.6),(359,2,'Michelberg sl4.jpg','Michelberg','Berg in Niederhollabrunn',16.2889,48.43),(360,2,'Freispitze and Memminger Hütte from East.jpg','Freispitze','Berg in den Alpen',10.41667,47.2),(361,2,'Axamer Kögele Gipfelkreuz.jpg','Axamer Kögele','Berg in Österreich',11.2783224,47.1999454),(362,2,'Stadlberg, Hohenberg.jpg','Stadelberg','Berg in den Türnitzer Alpen in Niederösterreich',15.57469,47.90227),(363,2,'Lapenscharte.jpg','Gigalitz','Berg in den Zillertaler Alpen in Tirol',11.8908,47.0581),(364,2,'Buchstein massif from Hochzinödl.jpg','Kleiner Buchstein','Berg in der Steiermark, im Gesäuse',14.627735,47.628686),(365,2,'Almerhorn und Ohrenspitzen vom Weg zur Roßhornscharte I.JPG','Große Ohrenspitze','Berg in der Rieserferngergruppe an der Grenze Tirol / Südtirol',12.17736,46.90692),(366,2,'PuitkogelFromNW.jpg','Puitkogel','Berg in den Alpen',10.901388888889,46.981388888889),(367,2,'WeisseSpitzeRoteSpitzeVlgtnBg.jpg','Rote Spitze','Berg in den Villgratner Bergen in Osttirol',12.3442,46.8761),(368,2,'Grosser und Mittlerer Sonnblick.JPG','Mittlerer Sonnblick','Berg in den Alpen',13.430833333333,47.0525),(369,2,'Weng Gesäuse.jpg','Großer Ödstein','Berg in den Alpen',14.6126,47.5539),(370,2,'Luckenkogel Äußerer Knappentröger vom Muntanitz.jpg','Äußerer Knappentröger','Berg in den Alpen',12.5963,47.0914),(371,2,'Gamskarspitze, Tuxer Alpen.jpg','Gamskarspitze','Berg in den Tuxer Alpen in Tirol',11.638445,47.122776),(372,2,'Gamswiesenspitzen und Bloßkofel.jpg','Gamswiesenspitze','Berg in den Alpen',12.7831,46.7664),(373,2,'Tschadinhorn und Schönleitenspitze vom Bösen Weibl.JPG','Tschadinhorn','Berg in Österreich',12.70889,46.99222),(374,2,'ParstleswandFromE.jpg','Parstleswand','Berg in den Alpen',10.8157,46.9993),(375,2,'HeinrichSchwaigerHaus.jpg','Hohe Riffl','Berg in den Alpen',12.6661,47.1231),(376,2,'Soellereck vom Rossbichel.jpg','Söllereck','Berg in den Alpen',10.236944444444,47.373333333333),(377,2,'Gipfel Gamsspitzl.jpg','Gamsspitzl','Berg in der Venedigergruppe in Salzburg',12.26877,47.09939),(378,2,'KeilbachspitzeFromS.jpg','Keilbachspitze','Berg in den Zillertaler Alpen an der Grenze Tirol / Südtirol',11.94695,47.03351),(379,2,'Schwabenkopf01.jpg','Schwabenkopf','Berg in den Alpen',10.793888888889,47.006388888889),(380,2,'Tilisunasee.JPG','Mottadona','Berg im Rätikon in Vorarlberg',9.88521,47.02218),(381,2,'Kühberg, Salzburg.JPG','Kühberg','Bergschulter am Gaisberg in Salzburg',13.085761,47.809468),(382,2,'De Grossglockner - panoramio.jpg','Törlkopf','Berg in der Glocknergruppe in Salzburg',12.824658,47.116444),(383,2,'St-Planai-1.jpg','Rauenberg','Berg in den Schladminger Tauern in der Steiermark, südlich der Planai',13.755513,47.349229),(384,2,'Rötelstein Dachsteingebirge 20070716.jpg','Rötelstein','Berg im Dachsteinmassiv in Salzburg',13.554637,47.457358),(385,2,'SchneeschuhWanderungMayrwipfl.jpg','Mayrwipfl','Berg im Sengsengebirge in Oberösterreich',14.37361111,47.76694444),(386,2,'Nockberge - view from Koenigstuhl - panoramio.jpg','Kilnprein','Berg in den Gurktaler Alpen an der Grenze Salzburg / Steiermark',13.842829,46.985842),(387,2,'Wetterscheide Geierkogel - Saualpe - panoramio.jpg','no label','Berg in Österreich',14.674744,46.919358),(388,2,'DreieckspitzeFromW.jpg','Dreieckspitze','Berg in der Rieserfernergruppe an der Grenze Osttirol / Südtirol',12.13111111111111,46.96391666666667),(389,2,'Krautwasch und Melleck.JPG','Krautwasch','Berg in Österreich',14.12027778,47.27916667),(390,2,'Casino-Stadion Hohe Warte.jpg','Hohe Warte','Hügel in Wien',16.3578,48.2494),(391,2,'Rostizkogel1.jpg','Rostizkogel','Berg in den Alpen',10.794722222222,46.968611111111),(392,2,'WindacherDaunkogelFromW.jpg','Windacher Daunkogel','Berg in den Stubaier Alpen in Tirol',11.0811,46.9872),(393,2,'Ochsenbug.jpg','Ochsenbug','Berg in der Venedigergruppe in Osttirol',12.474748,47.034508),(394,2,'Gamsleitenspitze-edit.jpg','Gamsleitenspitze','Berg in den Radstädter Tauern in Salzburg',13.54667,47.23917),(395,2,'Mullitz.jpg','Mullwitzkogel','Berg in den Alpen',12.2944,47.0217),(396,2,'Wildalmkirchl.jpg','Wildalmkirchl','Berg in den Alpen',12.9925,47.4475),(397,2,'Speckkarspitze HQ.jpg','Speckkarspitze','Berg in den Alpen',11.4875,47.3464),(398,2,'Brenntenriegel.JPG','Brenntenriegel','Berg in den Alpen',16.3906,47.6594),(399,2,'Schattenspitze Compton.jpg','Schattenspitze','Berg in der Silvretta',10.0872221,46.86750031),(400,2,'Gopfberg from S.jpg','Gopfberg','Berg im Bregenzerwaldgebirge in Vorarlberg',9.899018,47.357752),(401,2,'Umbaltal 042.JPG','Althausschneidespitze','Berggipfel des Rosshufkamms in der Venedigergruppe',12.229328,47.062915),(402,2,'Mohnenfluh1.JPG','Mohnenfluh','Berg in den Alpen',10.1025,47.2325),(403,2,'Zeller See Zell Am See.jpg','Hoher Tenn','Berg in der Glocknergruppe in Salzburg',12.750555555556,47.179166666667),(404,2,'Blick zur Torsaeule vom Gamsleitnkopf - panoramio.jpg','Schoberköpfe','Berg in den Berchtesgadener Alpen in Salzburg',13.0967,47.4308),(405,2,'Wasserklotz Gipfelkreuz.jpg','Wasserklotz','Berg in den Alpen',14.4811,47.7211),(406,2,'Bauleiteck 4174 13-09-04.JPG','Gjoadeck','Berg in der Steiermark',13.970026,47.282791),(407,2,'RauhkopfVenedigerFromS.jpg','Rauhkopf (Venedigergruppe)','Berg in den Alpen',12.4286,47.0456),(408,2,'BlickJochartvomObersberg.jpg','Jochart','Berg in den Alpen',15.7119,47.9125),(409,2,'HochmölbingWestside.jpg','Kreuzspitze','Berg in der Warscheneckgruppe in der Steiermark',14.177537,47.6379),(410,2,'Edelweissspitze.JPG','Edelweißspitze','Berg in den Alpen',12.8313,47.12364),(411,2,'Kraftwerk Kühtai, Silz 01.jpg','Zwölferkogel','Berg in den Alpen',11.01056,47.19028),(412,2,'Phlomis tuberosa sl11.jpg','Galgenberg','Hügel und Naturdenkmal im Weinviertel in Niederösterreich',16.17019,48.64896),(413,2,'Weisssespitze01.jpg','Weißseespitze','Berg in den Alpen',10.717222222222,46.846666666667),(414,2,'Hochreichhart.jpg','Hochreichhart','Berg in den Alpen',14.6819,47.3634),(415,2,'Alpkogel, Zeinisjoch.jpg','Alpkogel','Berg in der Silvretta an der Grenze Tirol / Vorarlberg',10.13917,46.97333),(416,2,'Brandleck, Hochkästen.jpg','Großer Hochkasten','Berg im Toten Gebirge in der Steiermark',14.047111,47.673347),(417,2,'Planspitze north ridge.jpg','Planspitze','Berg in den Alpen',14.64,47.5733),(418,2,'Schwarzsee Tirol-2.jpg','Rotkopf','Berg in den Zillertaler Alpen in Tirol (2985 m, Gemeinde Mayrhofen)',11.822748,47.043446),(419,2,'Hohenems-Breitenberg-01.JPG','Breitenberg','Berg im Bregenzerwaldgebirge',9.731944444444444,47.37916666666667),(420,2,'Bauleiteck 4096 13-09-04.JPG','Bauleiteck','Berg in den Schladminger Tauern in der Steiermark',13.969204,47.271052),(421,2,'Rosental Ost mit Hochobir und Petzen 13112007 21.jpg','Hochobir','Berg in den Alpen',14.4872,46.5061),(422,2,'Almerhorn - Gipfelkreuz.JPG','Almerhorn','Berg in der Rieserfernergruppe in Tirol',12.194769,46.90773),(423,2,'Perchtoldsdorf - Teufelstein.JPG','Teufelstein (Wienerwald)','Berg in den Alpen',16.22481,48.11797),(424,2,'Darmstädter Hütte mit Scheibler.jpg','Scheibler','Berg im Verwall in Tirol',10.2219,47.0586),(425,2,'Schneewinkelkopf.jpg','Schneewinkelkopf','Berg in der Glocknergruppe an der Grenze Kärnten / Tirol',12.660059,47.097374),(426,2,'Cima Frugnoni. (BildID 15579502).jpg','Cima Frugnoni','Berg in den Karnischen Alpen an der Grenze Tirol / Provinz Belluno',12.486944444444445,46.67722222222222),(427,2,'NapfspitzeAhrntalFromSW.jpg','Napfspitze (Zillertaler Hauptkamm)','Berg in den Alpen',12.0397,47.0597),(428,2,'Kamp krems.png','Manhartsberg','Kleiner Berg im niederösterreichischen Teil der böhmischen Masse',15.733333333333,48.533333333333),(429,2,'Gamezkogel.jpg','Gamezkogel','Berg in den Ötztaler Alpen in Tirol',10.82972,47.02472),(430,2,'Brandjoch, Hohe Warte, Solsteine.JPG','Hintere Brandjochspitze','Berg in den Alpen',11.3392,47.3031),(431,2,'STREICHKOPF.JPG','Streichkopf','Berg in den Alpen',11.7608,47.4589),(432,2,'Buchberg from Attersee.jpg','Buchberg','Berg in Oberösterreich, über dem Attersee',13.52947,47.92753),(433,2,'Nebelstein.jpg','Nebelstein','Berg in Österreich',14.778888888889,48.672777777778),(434,2,'Zöhrerkogel.jpg','Zöhrerkogel','Berg in den Lavantaler Alpen an der Grenze Kärnten / Steiermark',14.615289,46.997977),(435,2,'St-Ramsau-Guttenberghaus.jpg','Mitterstein','Berg in der Steiermark (2060m)',13.6807,47.445925),(436,2,'Dovshka Baba Mlinca.jpg','Frauenkogel','Berg in den Karawanken an der Grenze Slowenien / Österreich',13.994156,46.487613),(437,2,'Schussgrubenkogel.JPG','Schußgrubenkogel','Berg in den Alpen',11.1175,46.9681),(438,2,'Schareck from NW.jpg','Schareck','Berg in den Alpen',13.0178,47.0414),(439,2,'Mittagsfluh Diedamskopf Au from West.JPG','Diedamskopf','Berg in den Allgäuer Alpen in Vorarlberg, Österreich',10.0256,47.3464),(440,2,'Olperer 2007-11-27.jpg','Olperer','Berg in den Alpen',11.658888888889,47.053055555556),(441,2,'Lerchkogel.jpg','Lerchkogel','Berg in den Alpen',11.41187,47.45925),(442,2,'Sonnjoch-nordostseite.jpg','Sonnjoch','Berg in den Alpen',11.606389,47.4125),(443,2,'HundsheimerBerg.jpg','Hundsheimer Berg','Berg in Österreich',16.9386,48.1322),(444,2,'Anninger.jpg','Anninger','Berg in den Alpen',16.245833333333,48.0475),(445,2,'Roßhorn - Von der Alten Barmer Hütte.jpg','Roßhorn','Berg in der Rieserfernergruppe in Tirol',12.178649,46.934078),(446,2,'Hoch haederich.jpg','Hochhäderich','Berg in den Alpen',10.0028,47.4817),(447,2,'Sunntiger vom Lafatscher Joch.JPG','Sunntigerspitze','Berg in den Alpen',11.4814,47.3647),(448,2,'Vockentalspitze from Obersee0450.jpg','Vockentalspitze','Berg in den Schladminger Tauern in der Steiermark',13.831893,47.352675),(449,2,'Jamtal von Scheibenalm.jpg','Russkopf','Berg in der Silvretta in Tirol',10.169621,46.866114),(450,2,'Sulzspitze Sonnenaufgang.JPG','Sulzspitze','Berg in den Alpen',10.5366,47.4624),(451,2,'Ferlach Rosental und Ferlacher Horn 01082004 01.jpg','Ferlacher Horn','Berg in den Alpen',14.3142,46.4867),(452,2,'Alplesspitze - Mit Alplesseen von der Seespitze.JPG','Alplesspitze','Berg in Österreich',12.26056,46.95944),(453,2,'Grünkogel, Schneealpe, Rain gauge.jpg','Grünkogel','Berg auf der Schneealpe in der Steiermark',15.596686,47.691958),(454,2,'Risser Falk und kleiner Falk.jpg','Kleiner Falk','Berg in den Alpen',11.507194,47.444385),(455,2,'Steinschartenkopf.JPG','Steinschartenkopf','Berg in den Alpen',10.2808,47.285),(456,2,'Hütteltalkopf (Venedigergruppe) from Tristkopf.jpg','Hütteltalkopf','Berg in der Venedigergruppe in Salzburg',12.20756,47.18473),(457,2,'Lamsenjochhuette HQ.jpg','Lamsenspitze','Berg in den Alpen',11.5911,47.3828),(458,2,'Patscherkofel vm01.jpg','Patscherkofel','Berg in den Alpen',11.460556,47.208611),(459,2,'Ringkogel von Hartberg W.jpg','Ringkogel','Berg im Randgebirge östlich der Mur in der Steiermark',15.9514,47.2975),(460,2,'Guentlespitze from Uentschenspitze.JPG','Güntlespitze','Berg in den Allgäuer Alpen in Vorarlberg',10.07865,47.30084),(461,2,'Seekarlsp.JPG','Seekarlspitze','Berg in den Alpen',11.7778,47.4569),(462,2,'Seekarspitze (2350m).jpeg','Seekarspitze','Berg in Österreich',13.54339,47.27296),(463,2,'Piz Larain (Larainfernerspitze) von Südwesten, aus dem oberem Laraintal.jpg','Piz Larain','Berg in der Silvretta an der Grenze Tirol / Graubünden',10.23473,46.90448),(464,2,'Feuerkogel.jpg','Feuerkogel','Berg in den Alpen',13.7226,47.8163),(465,2,'Weissenfluhalpe01.jpg','Weißenfluh','Berg in den Alpen',9.82941,47.3788),(466,2,'HoherNebelkogelFromN.jpg','Hoher Nebelkogel','Berg in den Alpen',11.0639,46.9792),(467,2,'Hohe Rannach.jpg','Hohe Rannach','Berg im südlichen Grazer Bergland im österreichischen Bundesland Steiermark',15.400556,47.173056),(468,2,'Altaussee Bräuningzinken Bräuningscharte Bräuningnase.jpg','Bräuningzinken','Gipfel im Ausseerland in der Steiermark',13.792235,47.675363),(469,2,'Mela Koschuta 1.JPG','Mala-Kosuta','Berg an der Grenze Kärnten / Slowenien',14.438196111111,46.443068055556),(470,2,'Racherin from NE.JPG','Racherin','Berg in der Glocknergruppe in Kärnten',12.7939,47.0811),(471,2,'Läuferspitze from Northwest.JPG','Läuferspitze','Berg in den Alpen',10.5975,47.5128),(472,2,'St-Rippetegg.jpg','Rippetegg','Berg in den Schladminger Tauern an der Grenze Salzburg / Steiermark',13.599634,47.340859),(473,2,'Rappenspitze2.jpg','Rappenspitze','Berg im Karwendel in Tirol',11.6458,47.4022),(474,2,'Bergkette nördlich des Valschaviels.jpg','no label','Berg in Österreich',10.10639,47.03361),(475,2,'Eiblschrofen Abbruch vom 16.10.2006.jpg','Eiblschrofen','Berg in den Alpen',11.7411,47.3486),(476,2,'Rötspitze, Quirl und Malhamspitzen vom Debantgrat.JPG','Steingrubenkopf','Berg in der Venedigergruppe in Osttirol',12.256343888888889,47.031555),(477,2,'Sonneck.jpg','Sonneck','Berg in den Alpen',12.2833,47.5619),(478,2,'Kreuzspitze from Northeast.JPG','Kreuzspitze','Berg in den Allgäuer Alpen an der Grenze Bayern / Tirol',10.43091,47.383947),(479,2,'Schönkahler Gipfelaufbau.JPG','Schönkahler','Berg in den Alpen',10.4892,47.5403),(480,2,'Hochzeiger.JPG','Hochzeiger','Berg in den Alpen',10.7956,47.1453),(481,2,'Nockberge - view from Koenigstuhl - panoramio.jpg','Mühlbacher Nock','Berg in den  Gurktaler Alpen an der Grenze Salzburg / Steiermark',13.804399,46.95087),(482,2,'Zugspitze-Blick auf Ehrwald.jpg','Grubigstein','Berg in den Alpen',10.8333,47.3833),(483,2,'Liechelkopf Angererkopf.jpg','Sechszinkenspitze','Berg in den Alpen',10.194444444444,47.296944444444),(484,2,'3,798m Großglockner Heiligenblut Austria - panoramio (3).jpg','Schwertkopf','Berg in Kärnten',12.737792,47.054848),(485,2,'Berget Grosser Sonnstein.jpg','Kleiner Sonnstein','Berg im Gemeindegebiet von Traunkirchen am Westufer des Traunsees',13.78528,47.82908),(486,2,'Taschachhaus Taschachferner Petersenspitze.JPG','Petersenspitze','Berg in den Ötztaler Alpen, Tirol',10.838333333333,46.888611111111),(487,2,'Galtür - Zeinisjoch - Gorfenspitze 01.jpg','no label','Berg in Österreich',10.175,46.95556),(488,2,'Brand in Vorarlberg.JPG','Mottakopf','Berg im Rätikon in der Gemeinde Brand in Vorarlberg',9.71864,47.08612),(489,2,'Lago volaia.jpg','Karnische Alpen','Gebirgsgruppe der Alpen an der Grenze Italien / Österreich',13,46.5),(490,2,'Heiligenstein mit Kamptalwarte.JPG','Heiligenstein (Kamptal)','Berg in Österreich',15.7221,48.4894),(491,2,'Brandk1.jpg','Brandkogel','Berg in den Alpen',10.8511,46.9753),(492,2,'Hochwand E.JPG','Karkopf','Berg im Mieminger Gebirge in Tirol',11.0275,47.35528),(493,2,'Upsspitze Daniel.JPG','Upsspitze','Berg in Österreich',10.88,47.4331),(494,2,'Reither Spitze.jpg','Reither Spitze','Berg in den Alpen',11.2361,47.323),(495,2,'Giampkopf from Gaschurner Winterjoch.jpg','no label','Berg in Österreich',10.09306,47.02639),(496,2,'Obersulzbachkees 2017 von Gamsspitzl.jpg','Hohe Fürleg','Berg in der Venedigergruppe in Salzburg',12.3625,47.14138888888889),(497,2,'Koenigsberg Panorama.jpg','Königsberg','Berg in den Alpen',14.8589,47.7972),(498,2,'Sandkopf from West.JPG','Sandkopf','Berg in der Goldberggruppe in Kärnten',12.9306,47.0375),(499,2,'Anlaufalm-Bodenwies.jpg','Bodenwies','Berg in den Alpen',14.5664,47.7517),(500,2,'Ochsenaelpeleskopf.jpg','Ochsenälpeleskopf','Berg in den Ammergauer Alpen an der Grenze Tirol / Bayern',10.8128,47.5264),(501,2,'Mooserboden reservoir (Kaprun).jpg','Schwarzköpfl','Berg in der Glocknergruppe in Salzburg',12.710337,47.134099),(502,2,'Hochvogel.jpg','Hochvogel','Berg in den Alpen',10.437222,47.381111),(503,2,'Ostrawitz, Hinterstoder.jpg','Ostrawitz','Berg im Toten Gebirge',14.09022,47.68463),(504,2,'Rakouske alpy 1.jpg','Fuscherkarkopf','Berg in den Alpen',12.745033,47.099108),(505,2,'Kastenkopf Kaelbelespitze from Lahnerkopf.JPG','Kälbelespitze','Berg in den Alpen',10.4753,47.4314),(506,2,'Oberhüttensee-Meregg-Steir.Kalkspitze.JPG','Meregg','Westschulter der Steirischen Kalkspitze in den Schladminger Tauern an der Grenze Salzburg / Steiermark',13.607938,47.283374),(507,2,'Grüblspitze West.JPG','Grüblspitze','Berg in den Tuxer Alpen in Tirol',11.6931,47.1575),(508,2,'Linker Fernerkogel.jpg','Linker Fernerkogel','Berg in den Alpen',10.9113,46.922),(509,2,'Ochsenkopf (Kitzbüheler Alpen).jpg','Ochsenkopf','Berg in den Kitzbüheler Alpen an der Grenze Salzburg / Tirol',12.078333055555555,47.275),(510,2,'Spielmann from SW.JPG','Spielmann','Berg in der Glocknergruppe an der Grenze Kärnten / Salzburg',12.7956,47.0928),(511,2,'Klammerköpfe from Northwest (cropped).jpg','Mittlerer Niederer Klammerkopf','Berg in der Schobergruppe in Kärnten',12.766107,46.962091),(512,2,'Schwarzhorn2460m.jpg','Tilisuna-Schwarzhorn','Berg im Rätikon in Vorarlberg',9.87,47.0325),(513,2,'Ankogel.jpg','Ankogel','Berg in den Alpen',13.246944,47.051667),(514,2,'Maurerkogel, Glockner group.jpg','Maurerkogel','Berg in der Glocknergruppe in Salzburg',12.674647,47.192311),(515,2,'Kitzmörder1.jpg','Kitzmörder','Berg in den Alpen',10.7967,47.0917),(516,2,'Gurlspitze im Winter von Norden.jpg','Gurlspitze','Berg in den Salzkammergut-Bergen in Salzburg',13.143341,47.787998),(517,2,'Mallestiger Mittagskogel.jpg','Mallestiger Mittagskogel','Berg in den Alpen',13.8808,46.5244),(518,2,'GepatschAndKesselwandfernerFromFluchtkogel.jpg','no label','Berg in Österreich',10.77639,46.84722),(519,2,'Haller Mauern from Hall.jpg','Hexenturm','Berg in den Alpen',14.481111111111,47.645805555556),(520,2,'Pyramidenspitze aerial.jpg','Pyramidenspitze','Berg in den Alpen',12.276666666667,47.610277777778),(521,2,'Zirler Berg Pestsäule 01.jpg','Zirler Berg','Berg in den Alpen',11.2247,47.2853),(522,2,'Wolekleskarspitze with Noppenspitze and Kreuzkarspitze from Northeast.JPG','Wolekleskarspitze','Berg in den Alpen',10.4514,47.3314),(523,2,'Vallüla.JPG','Vallüla','Berg in der Silvretta an der Grenze Tirol / Vorarlberg',10.11286,46.9373),(524,2,'Griesmauer.jpg','Griesmauer','Berg in Österreich',14.98346,47.55182),(525,2,'Ramolhaus.JPG','Karlesspitze','3462 m ü. A. hoher Berg im Hauptkamm der Ötztaler Alpen',10.97474,46.77257),(526,2,'Gipfel lenkstein, 2009-07-22.JPG','Lenkstein','Berg in der Rieserfernergruppe an der Grenze Osttirol / Südtirol',12.166666666667,46.939444444444),(527,2,'Grashörner.JPG','Grünes Gräshorn','Berg im Lechquellengebirge in Vorarlberg',9.971904,47.273909),(528,2,'2003-08-26 wald im pinzgau 10 - Arbeskopf.jpg','Arbeskopf','Berg in den Zillertaler Alpen in Salzburg',12.155,47.19417),(529,2,'Heuernte Nationalpark Hohe Tauern, Kärnten.jpg','Mittagsspitz','Berg in der Kreuzeckgruppe in Kärnten',13.110643,46.901298),(530,2,'Großes Ochsenhorn.JPG','Großes Ochsenhorn','Berg in den Loferer Steinbergen in Salzburg',12.660555555556,47.538055555556),(531,2,'LaengentalerWeisserKogel.jpg','Längentaler Weißer Kogel','Berg in den Alpen',11.0861,47.0701),(532,2,'Ruderhofspitze.jpg','Ruderhofspitze','Berg in den Alpen',11.1436,47.0403),(533,2,'Weisskugel2 HQ.jpg','Weißkugel','Berg in den Ötztaler Alpen an der Grenze Tirol / Südtirol',10.726096,46.797819),(534,2,'GschrappkogelFromN.JPG','Gschrappkogel','Gipfel im Geigenkamm in den Ötztaler Alpen in Tirol',10.906541,46.96121),(535,2,'Grimming von Hintereggeralm.jpg','Grimming','Berg in den Alpen',14.016944444444,47.520555555556),(536,2,'Hintere Schwaerze Nordwand HQ.jpg','Mittlere Marzellspitze','Gipfel im Schnalskamm in den Ötztaler Alpen',10.90139,46.76806),(537,2,'Exelberg from southeast.JPG','Exelberg','Berg im Wienerwald in Niederösterreich',16.24604,48.24737),(538,2,'Lüsener Villerspitze.jpg','Lüsener Villerspitze','Berg in Österreich',11.15972222,47.11527778),(539,2,'Vierrinnenköpfe im Winter.jpg','Vierrinnenköpfe','Berg in Österreich',13.133333333333,47.416666666667),(540,2,'Kröndlhorn.jpg','Kröndlhorn','Bergsee in den Kitzbüheler Alpen, Tirol',12.164444,47.298333),(541,2,'Plauener Hütte mit Kuchelmooskopf.jpg','Kuchelmooskopf','Berg in den Zillertaler Alpen in Tirol',12.09733963,47.13924026),(542,2,'Rinnenspitze und Rinnensee.JPG','Rinnenspitze','Berg in den Alpen',11.14,47.08555556),(543,2,'Grosser moerchner westen.jpg','Großer Mörchner','Berg in den Alpen',11.865,47.0314),(544,2,'Garsellikopf46.jpg','Garsellakopf','Berg im Rätikon an der Grenze Liechtenstein / Vorarlberg',9.5646,47.1702),(545,2,'Bieltal-Hennekopf-Aufstieg-mP-E06.jpg','Hennekopf','Berg in der Silvretta in Tirol',10.139547,46.909545),(546,2,'Buschberg1.jpg','Buschberg','Berg in Österreich',16.3961,48.5753),(547,2,'Kellerjoch vom Kuhmöser.JPG','Kellerjoch','Berg in den Tuxer Alpen in Tirol',11.7708,47.3189),(548,2,'Kräuterin-Hochstadl.jpg','Hochstadl','Berg in Österreich',15.07527778,47.68638889),(549,2,'Tagweidkopf.jpg','Tagweidkopf','Berg in den Lechtaler Alpen in Tirol',10.7769,47.3581),(550,2,'Hochglueck and Kaiserkopf.JPG','Hochglück','Berg in den Alpen',11.5717,47.374),(551,2,'Tschirgant Tarrenz.jpg','Tschirgant','Gebirgsgruppe der Alpen',10.796389,47.241944),(552,2,'Schloss Kassegg um 1990.jpg','Tieflimauer','Berg in Österreich',14.64611111,47.62611111),(553,2,'Mühlstein (Elsbethen) Nord.JPG','Mühlstein','Berg in den Salzkammergut-Bergen in Salzburg',13.126845,47.751671),(554,2,'Salzachtal Kuchl.JPG','Roßfeld','Berg in Österreich',13.0953,47.6281),(555,2,'20050925-Lackenkarkopf von der Ödkarspitze.jpg','Lackenkarkopf','Berg in den Alpen',11.44367695,47.43741325),(556,2,'Löcherk1.jpg','Löcherkogel','Berg in den Alpen',10.791388888889,46.959166666667),(557,2,'Ewige Wand Radsteig 20080418.jpg','Ewige Wand','Berg im Toten Gebirge in Oberösterreich',13.628056,47.658889),(558,2,'20060715-Kuhljochspitze.jpg','Kuhljochspitze','Berg in den Alpen',11.2714,47.3147),(559,2,'Schmitten.jpg','Schmittenhöhe','Berg in den Alpen',12.737778,47.329167),(560,2,'Kreuzkogel 04.jpg','Kreuzkogel','Hügel am Ostrand des Sausal im österreichischen Bundesland Steiermark',15.51338,46.789016),(561,2,'RotteAmeisberg-Troppberg.JPG','Troppberg','Berg im Wienerwald',16.1097,48.2236),(562,2,'Kreuzmandl Steinmandl from West02.JPG','Kreuzmandl','Berg in den Alpen',10.0642,47.3297),(563,2,'Steingrubenwand und Steingrubenkogel.JPG','Steingrubenwand und Schlicker Zinnen','Berg in Österreich',11.29,47.17083333),(564,2,'Eisenhut und Wintertalernock 25102013 659.jpg','Eisenhut','Berg in den Gurktaler Alpen',13.9292,46.9531),(565,2,'Blick vom Leopoldsberg 5.JPG','Bisamberg','Berg in Niederösterreich und Wien',16.3789,48.3136),(566,2,'Kranzhorn Oberaudorf-1.jpg','Kranzhorn','Berg in den Chiemgauer Alpen',12.184722222222,47.701388888889),(567,2,'Weißenbachkogel 03.jpg','Weißenbachkogel','Gipfel im Höhenzug der Gleinalpe',15.006916666667,47.219833333333),(568,2,'Schneeglocke (Silvretta).JPG','Schneeglocke','Berg in der Silvretta in Vorarlberg',10.0854,46.8644),(569,2,'Alberfeldkogel.JPG','Alberfeldkogel','Berg in den Alpen',13.7053,47.8169),(570,2,'Kehlegg Panorama 2.jpg','Salzbödenkopf','Österreichischer Berg',9.79361111,47.33027778),(571,2,'Ladinger Spitz von Norden.JPG','Ladinger Spitz','Berg in den Alpen',14.6508,46.8533),(572,2,'1997.780.Reiting vom Wildfeld aus gesehen.0260.jpg','Gößeck','Berg in den Eisenerzer Alpen in der Steiermark',14.8994,47.4486),(573,2,'Galtjoch.jpg','Galtjoch','Berg in den Alpen',10.67583,47.39444),(574,2,'WiegenwaldStubachtal 20.jpg','Hocheiser','Berg in der Glocknergruppe in Salzburg',12.67343,47.15606),(575,2,'Gosaukamm West, Donnerkogel.jpg','Großer Donnerkogel','Berg im Dachsteingebirge an der Grenze Oberösterreich / Salzburg',13.4814,47.5242),(576,2,'Steinbruch Bierhaeuselberg I.jpg','Bierhäuselberg','Berg in Niederösterreich',16.23891,48.12591),(577,2,'Bettlerspitze 2272m Nordseite.JPG','Bettlerspitze','Berg im Lechquellengebirge',9.97167,47.21167),(578,2,'Eggenberg Gratkorn 05.jpg','Eggenberg','Berg in der Steiermark',15.337937,47.155931),(579,2,'Damuels-Dornbirn-Portlahorn-Portlakopf-Alpe-Suens01.jpg','Portlahorn','Berg des Bregenzerwaldgebirges',9.849761,47.290559),(580,2,'Gamskögel.jpg','Gamskögel','Berg in den Alpen',14.5483,47.3658),(581,2,'Jamtalferner 14082013.JPG','Gamsspitze','Berg in der Silvretta an der Grenze Tirol / Graubünden',10.17247,46.85379),(582,2,'Umbaltal 014.JPG','Untere Rötspitze','Berggipfel des Umbalkamms in der Venedigergruppe in Osttirol (Österreich)',12.20967,47.03234),(583,2,'Kothaufenberg.JPG','Kothaufenberg','Berg in den Alpen',14.7661,47.8364),(584,2,'Hintergebirge 01.jpg','Großer Größtenberg','höchste Erhebung des Reichraminger Hintergebirges in Oberösterreich',14.42517,47.76478),(585,2,'Ebensee am Traunsee.jpg','Erlakogel','Berg in den Alpen',13.8253,47.8192),(586,2,'Tiroler Kopf von Nordwesten.jpg','Tiroler Kopf','Berg in der Silvretta an der Grenze zwischen Tirol und Vorarlberg',10.138671,46.867828),(587,2,'SeckauerZinkenvonNordosten.jpg','Seckauer Zinken','Berg in den Schladminger Tauern in der Steiermark',14.7361,47.3393),(588,2,'Hochstarzel02.jpg','Hochstarzel','Berg in den Allgäuer Alpen in Vorarlberg',10.08504,47.31117),(589,2,'Zinkwandstollen 96069 2015-07-10.JPG','Hading','Berg in den Schladminger Tauern an der Grenze Salzburg / Steiermark',13.653888888888888,47.27638888888889),(590,2,'Georgenberg4.jpg','Georgenberg','Berg bei Kuchl in Salzburg',13.159619,47.635037),(591,2,'Sattelberg von Padaun.JPG','Sattelberg','2115 m hoher Berg in den Stubaier Alpen an der Grenze zwischen Österreich und Italien',11.479166944444,47.011111111111),(592,2,'Zirbitzkogel IKAl.JPG','Zirbitzkogel','Berg in den Lavanttaler Alpen',14.566666666667,47.05),(593,2,'Gösleswand hinter dem Bödensee.JPG','Gösleswand','Berg in der Lasörlinggruppe in Osttirol',12.2953,46.9792),(594,2,'Tristenspitz SuedWest.jpg','Tristenspitz','Berg in den Alpen',13.309,46.9639),(595,2,'KönigstuhlMitRosaninsee.jpg','Königstuhl','Berg in den Gurktaler Alpen',13.7844,46.9436),(596,2,'Grosseswiesbachhorn.jpg','Großes Wiesbachhorn','Berg in der Glocknergruppe in Salzburg',12.755,47.156944444444),(597,2,'Schneid from Northeast.JPG','Schneid','Berg in den Tannheimer Bergen in Tirol',10.6447,47.4931),(598,2,'Gamskogel, Stubai Alps.jpg','Gamskogel','Berg in den Stubaier Alpen in Tirol',10.996944444444,47.055277777778),(599,2,'Admont Weng Lauferbauerbrücke.JPG','Haindlmauer','Berg in Österreich',14.55,47.566666666667),(600,2,'St-Planai-1.jpg','Hasenkarspitze','Berg in den Schladminger Tauern in der Steiermark',13.769822,47.341891),(601,2,'20060611-Hölzelstaljoch von der Fleischbank.jpg','Hölzelstaljoch','Berg im Vorkarwendel in Tirol',11.529987,47.479113),(602,2,'Gebhardsberg01.jpg','Gebhardsberg','Berg in den Alpen',9.74833,47.4903),(603,2,'Zweiter und Erster Schafalpenkopf.JPG','Zweiter Schafalpenkopf','Berg in den Alpen',10.2103,47.3064),(604,2,'Gerlosstein1.jpg','Gerlosstein','Berg in den Zillertaler Alpen im österreichischen Bundesland Tirol',11.923611,47.194167),(605,2,'Innervillgraten-Eggeberg - Brand auf der Kreuzspitze.jpg','Kreuzspitze','Berg in Österreich',12.312911,46.829212),(606,2,'Quirl b.JPG','Quirl','Berg in der Venedigergruppe in Tirol',12.268717,47.033303),(607,2,'Hoher Sarstein.jpg','Sarstein','Berg im Dachsteingebirge an der Grenze Oberösterreich / Steiermark',13.6983,47.6019),(608,2,'Falkenstein (Niederösterreich) - Burg (2).JPG','Burg Falkenstein','Burg in Niederösterreich',16.5783,48.725),(609,2,'Pfeishuette vor Sonntagkar HQ.jpg','Sonntagkarspitze','Berg in den Alpen',11.4275,47.3464),(610,2,'Arventalspitze und Gabelspitze gesehen von der Rotenmannspitze.JPG','Arventalspitze','Berg in der Venedigergruppe an der Grenze Osttirol / Südtirol',12.12327,47.0086),(611,2,'Košutnikov Turn (2).jpg','Koschutnikturm','Berg an der Grenze Österreich / Slovenien',14.410485,46.44637),(612,2,'Golica.JPG','Kahlkogel','Berg in den Karawanken an der Grenze Kärnten / Slowenien',14.054569,46.491465),(613,2,'Mohrenkopf from South.JPG','Mohrenkopf','Berg in den Alpen',10.025,47.3603),(614,2,'St. Rochus mit Pänüler.jpg','Panüelerkopf','Berg im Rätikon in Vorarlberg',9.67972,47.0669),(615,2,'Pötschenstein.jpg','Pötschenstein','Berg in Österreich',13.73333,47.66667),(616,2,'BlickHirschenkogel.JPG','Hirschenkogel','Berg in den Alpen',15.8336,47.6222),(617,2,'Bärenköpfe20090819.jpg','Mittlerer Bärenkopf','Berg in der Glocknergruppe an der Grenze Kärnten / Salzburg',12.713124,47.127855),(618,2,'Gubachspitzen m.JPG','Reggenspitze','Berg in Österreich',12.259472,47.056497),(619,2,'Kühgundkopf.JPG','Kühgundkopf','Berg in den Alpen an der Grenze Bayern / Tirol',10.4315,47.5035),(620,2,'Villach Mittagskogel 22042009 92.jpg','Ferlacher Spitze','Berg in Österreich',13.964225,46.521404),(621,2,'Gschnitztal (DSC00741).jpg','Habicht','Berg in den Stubaier Alpen in Tirol',11.289444444444445,47.04361111111111),(622,2,'Kopfkraxn.jpg','Kopfkraxen','Berg im Kaisergebirge in Tirol',12.277778,47.562222),(623,2,'Sankt Pankraz Kleiner Priel.jpg','Kleiner Priel','Berg im Toten Gebirge in Oberösterreich',14.12898445,47.73293304),(624,2,'Vivamayr Altaussee mit Zinken 1834-14.jpg','Zinken','Berg im Dachsteingebirge in der Steiermark',13.76617,47.582094),(625,2,'Röthelstein.jpg','Röthelstein','Berg in der Steiermark',15.38639,47.32639),(626,2,'Klammerköpfe from Northwest (cropped).jpg','Hoher Klammerkopf','Berg in der Schobergruppe in Kärnten',12.761867,46.959318),(627,2,'Klammerköpfe from Northwest (cropped).jpg','Südlicher Klammerkopf','Berg in der Schobergruppe an der Grenze Kärnten / Tirol',12.759554,46.956606),(628,2,'Brandstein.JPG','Brandstein','2003 Meter hoher Berg in der westlichen Hochschwabgruppe im österreichischen Bundesland Steiermark',14.982778,47.600833),(629,2,'Jagdhütte auf dem Kalteis.jpg','Kalteis','Berg in Österreich',13.376945,48.04009),(630,2,'Gedrechter.jpg','Gedrechter','Berg in den Alpen',11.828,47.2668),(631,2,'Rangger Köpfl von Nordwesten.JPG','Rangger Köpfl','Berg in den Alpen',11.1814,47.2417),(632,2,'Große Riedlkarspitze SW.JPG','Große Riedlkarspitze','Berg in den Alpen',11.3672,47.4119),(633,2,'Pleisenspitze.jpg','Pleisenspitze','Berg in den Alpen',11.3419,47.4092),(634,2,'Vordere Gubachspitze von der Weißspitze.JPG','Vordere Gubachspitze','Berg in Österreich',12.25790215,47.06407547),(635,2,'Schwarzkopf, Schwarzkopfscharte und Kratzenberg mit Nördlichem Viltragenkees vom Wildenkogel a.JPG','Schwarzkopf','Berg in der Venedigergruppe an der Grenze Salzburg / Osttirol',12.392301,47.150104),(636,2,'Karwassersee1.jpg','Kaltwandspitze','Berg an der Grenze Salzburg / Kärnten',13.365881,47.097262),(637,2,'Saurüssel Sankt Gilgen.jpg','Saurüssel','Berg in den Salzkammergut-Bergen in Salzburg',13.3836049,47.771932),(638,2,'Wetterin.jpg','Wetterin','Berg in den Alpen',15.3494,47.6847),(639,2,'Frankenburg Hobelsberg.JPG','Hobelsberg','Berg in der Gemeinde Frankenburg am Hausruck',13.436428,48.052828),(640,2,'Sommerstein Riemannhaus.jpg','Sommerstein','2308 m hoher Berg in den Berchtesgadener Alpen',12.9139,47.4565),(641,2,'Hochgrößen.jpg','no label','Berg in Österreich',14.2567,47.4617),(642,2,'Traunstein traunkirchen.jpg','Traunstein','Berg in den Oberösterreichischen Voralpen in Oberösterreich',13.8406,47.8736),(643,2,'St-Gasselhöhe-4.jpg','Gasselhöhe','Berg in den Schladminger Tauern an der Grenze Salzburg / Steiermark',13.591944444444444,47.3525),(644,2,'Roetspitze-Firntrapez.jpg','Rötspitze','Berg in der Venedigergruppe an der Grenze Osttirol / Südtirol',12.204444444444,47.027222222222),(645,2,'Kernstockwarte.JPG','Hubertushöhe','Denkmalgeschütztes Objekt in Graz (122214)',15.4,47.08333),(646,2,'Feldberg Kaiser.jpg','Feldberg','Berg im Kaisergebirge in Tirol',12.3245,47.5924),(647,2,'Marchkopf Blick Nordost.JPG','Marchkopf','Berg in den Tuxer Alpen',11.80589,47.25104),(648,2,'Seekoppe Gipfel.jpg','no label','Berg in Österreich',14.23333,47.43333),(649,2,'Loser (Berg).jpg','Loser','Berg in den Alpen',13.771111111111,47.660833333333),(650,2,'Glockerin.jpg','Klockerin','Berg in den Alpen',12.7358,47.1469),(651,2,'Gipfel des Mandlsteins.jpg','Mandlstein','Berg in Österreich',14.8089,48.7325),(652,2,'Pfrondhorn-22.jpg','Pfrondhorn','Berg im Walserkamm, Teil des Bregenzerwaldgebirges',9.84238888888889,47.2625),(653,2,'Gracarca g.jpg','Gracarca','Berg in den Alpen',14.597,46.5984),(654,2,'Zell am See - panoramio (14).jpg','Maurerkogel','Berg in den Kitzbüheler Alpen in Salzburg',12.698205,47.330197),(655,2,'Hoher Burgstall.JPG','Hoher Burgstall (Kalkkögel)','Berg in den Alpen',11.27972222,47.13305556),(656,2,'Hoher Ifen from South.JPG','Hoher Ifen','Berg in den Allgäuer Alpen',10.097222222222,47.353888888889),(657,2,'Kastal2.JPG','Kastal','Berg in den Alpen',12.3631,46.9453),(658,2,'Praxmarerkarspitze von Kaskarspitze HQ.jpg','Westliche Praxmarerkarspitze','Berg in den Alpen',11.4,47.3494),(659,2,'Elferkopf.JPG','Elferkopf','Berg in den Allgäuer Alpen in Vorarlberg',10.1778,47.3022),(660,2,'Uhnspitz beim Aufstieg zum Baerenkopf.jpg','Unspitze','Berg in den Alpen',10.0936,47.3092),(661,2,'Loeffelspitz-Kamm-22.jpg','Löffelspitze','Berg des Walserkammes in Vorarlberg',9.827268,47.253118),(662,2,'Kitzsteinhorn1.jpg','Kitzsteinhorn','Berg in den Alpen',12.6875,47.188055555556),(663,2,'Grünhorn Allgäu Alps From South02.JPG','Grünhorn','Berg in den Allgäuer Alpen in Vorarlberg',10.0794,47.3236),(664,2,'Fallenbacherspitze vom Alperschontal.jpg','Fallenbacherspitze','Berg in den Alpen',10.390405555556,47.200472222222),(665,2,'WildeLeckAndKuhscheibeFromN.jpg','Kuhscheibe','Berg in den Alpen',11.055,47.0114),(666,2,'Similaun 1.jpg','Similaun','Berg in Ötztaler Alpen',10.880556,46.763611),(667,2,'Moes03-a.jpg','Furtschaglspitze','Berg in den Zillertaler Alpen in Tirol',11.77388859,47.00444412),(668,2,'Gletschersee beim Wildenkogel, dahinter Raneburgkogel und Hintere Michlbachspitze.JPG','Raneburgkogel','Berg in Österreich',12.483889,47.081389),(669,2,'Balschtespitze.JPG','Balschtespitze','Berg in den Alpen',10.4178,47.3233),(670,2,'Eisernes Bergl Totes Gebirge 20090706.jpg','Angerkogel','Berg im Toten Gebirge in der Steiermark',14.22839,47.617902),(671,2,'Michaelerberg Wien.JPG','Michaelerberg','Berg in Wien',16.28916,48.24523),(672,2,'Großer Scheibelsee, Bösenstein.jpg','Großer Bösenstein','Berg in den niederen Tauern',14.403888888889,47.443611111111),(673,2,'HintereisspitzenFromN.jpg','Hintereisspitzen','drei gipfel in den Alpen',10.764444444444,46.822777777778),(674,2,'Kesselschneid.jpg','Vordere Kesselschneid','Berg in den Alpen',12.277222222222,47.606666666667),(675,2,'Rosenhügel Portal.jpg','Rosenhügel','Berg in Wien',16.283917,48.159028),(676,2,'Rumerspitze.jpg','Rumer Spitze','Berg in den Alpen',11.4258,47.3203),(677,2,'Falkenmauer from Törlspitze.jpg','Falkenmauer','Berg in den Oberösterreichischen Voralpen in Oberösterreich',14.08559,47.846476),(678,2,'Hintere vordere gamsflucht südwesten.jpg','Gamsfluchten','zwei Gipfel eines Berges im Kaisergebirge in Tirol',12.349167,47.563333),(679,2,'Gallitzinberg.JPG','Gallitzinberg','Berg in Wien',16.2656,48.2213),(680,2,'Stempeljochspitze und Rosskopf.jpg','Stempeljochspitze','Berg in den Alpen',11.4383,47.3347),(681,2,'Spitzkogel, Törleskogl und Schildkogel mit Wildensee vom Wildenkogelweg.JPG','Schildkogel','Berg in der Venedigergruppe in Tirol',12.482408,47.097188),(682,2,'Werfener Hochthron.jpg','Werfener Hochthron','Berg in den Alpen',13.2428,47.4922),(683,2,'Scheibler mit Ferner.jpg','Kuchenspitze','Berg in Österreich',10.23,47.0483),(684,2,'Kleine Ochsenwand SW.JPG','Kleine Ochsenwand','Berg in Österreich',11.27861111,47.15944444),(685,2,'Tiroler Köpfe in der Mitte.jpg','Vermuntkopf','Berg in Vorarlberg',10.12639,46.86417),(686,2,'Murau schloss stadtpfarrkirche.jpg','Murauer Schlossberg','Stadtberg von Murau in der Steiermark',14.169167,47.111667),(687,2,'Dachstein-Koppenkarstein.jpg','Koppenkarstein','Berg im Dachsteinmassiv an der Grenze Oberösterreich / Steiermark',13.64,47.4661),(688,2,'Hochlantsch Schoeckl.jpg','Hochlantsch','Berg in den Ostalpen',15.41667,47.35),(689,2,'Pongrac - panoramio.jpg','Pongrac','Berg in Poßruck an der Grenze Steiermark / Slowenien',15.28786,46.64902),(690,2,'Gstoder im Herbst.jpg','Gstoder','Berg in den Murbergen an der Grenze Salzburg / Steiermark',13.9928,47.1419),(691,2,'Barmer Spitze - Vom Fenneregg.jpg','Barmer Spitze','Berg in der Rieserfernergruppe an der Grenze Osttirol / Südtirol',12.152119444444445,46.91586111111111),(692,2,'Blick zur Torsaeule vom Gamsleitnkopf - panoramio.jpg','Östlicher Schoberkopf','Berg in den Berchtesgadener Alpen in Salzburg',13.10361,47.434071),(693,2,'Speicher Durlaßboden1.jpg','Schönbichl','Berg in den Zillertaler Alpen an der Grenze Salzburg / Tirol',12.086167,47.215388),(694,2,'Weißes Beil.JPG','Weißes Beil','Berg in Österreich',12.30888889,46.93638889),(695,2,'Wien, Nussberg.jpg','Nussberg','Berg in Wien',16.343664,48.268822),(696,2,'Signalhorn, Silvrettahorn, Schattenspitze.jpg','Signalhorn','Berg in der Silvretta an der Grenze Vorarlberg / Kanton Graubünden',10.0969,46.8489),(697,2,'Gruberberg (Schladminger Tauern).jpg','Gruberberg','Berg in den Schladminger Tauern in der Steiermark',13.811403,47.342306),(698,2,'Kahlenbergerdorf-Vienna.jpg','Burgstall','Berg im 19. Wiener Gemeindebezirk Döbling',16.35555,48.27025),(699,2,'Bärenstein 2003.jpg','Bärenstein','Berg in Österreich',13.9847,48.6833),(700,2,'Großglockner1.jpg','Großglockner','höchster Berg Österreichs',12.69385,47.074528),(701,2,'20030615-Dreizinkenspitze.jpg','Dreizinkenspitze','Berg in den Alpen',11.5133,47.3886),(702,2,'Goinger Halten HQ.jpg','Goinger Halt','Berg im Kaisergebirge in Tirol',12.325277777778,47.564444444444),(703,2,'Florianiberg 08.jpg','Florianiberg','Hügel in der Steiermark',15.389067,47.020342),(704,2,'Feuerstaetterkopf.JPG','Feuerstätterkopf','Berg in Österreich',10.07806,47.43278),(705,2,'Seefelder Spitze NE.JPG','no label','Berg in Österreich',11.2375,47.3328),(706,2,'Muggendorf - Enzianhütte (2).JPG','Kieneck','Berg in den Gutensteiner Alpen in Niederösterreich',15.8742,47.9608),(707,2,'Unterberghorn.jpg','Unterberghorn','Berg im Kaisergebirge in Tirol',12.436111111111,47.620555555556),(708,2,'Franz-Fischer-Hütte.JPG','Faulkogel','Berg der Radstädter Tauern',13.36667,47.21667),(709,2,'Wolfendorn NW.JPG','Wolfendorn','Berg in den Zillertaler Alpen an der Grenze Tirol / Südtirol',11.53783,46.98413),(710,2,'Schöpfl from NW.jpg','Schöpfl','Berg in den Alpen',15.911944444444,48.087222222222),(711,2,'Oswaldiberg 06052007 01.jpg','Oswaldiberg','Berg in den Alpen',13.8536,46.6481),(712,2,'Venter Tal 04.jpg','Gampleskogel','Berg in den Alpen',10.96667,46.86667),(713,2,'Hoher Eichham.jpg','Hoher Eichham','Berg in der Venedigergruppe in Osttirol',12.4064,47.0536),(714,2,'Tälispitze von Brederis.jpg','Tälispitze','Berg im Bregenzerwaldgebirge in Vorarlberg',9.777612,47.239406),(715,2,'Schrecksee mit Lahnerscharte.png','Lahnerkopf','Berg in den Alpen',10.463333333333,47.429166666667),(716,2,'Hochgerach (Austria) in winter.jpeg','Hochgerach','Berg im Bregenzerwaldgebirge in Vorarlberg, Österreich',9.756645,47.236885),(717,2,'Schleinitz mit Rotgabele.jpg','Schleinitz','Berg in den Alpen',12.7489,46.8957),(718,2,'Brechhorn ridge.jpg','Brechhorn','Berg in den Alpen',12.265833,47.378056),(719,2,'Türnach seen from Hochschwab.jpg','Türnach','Gebirgsgruppe der Alpen',15.1225,47.6603),(720,2,'Silvretta - Dreilanderspitze.jpg','Dreiländerspitze','Berg in der Silvretta an der Grenze Vorarlberg / Tirol / Kanton Graubünden',10.144777777778,46.851111111111),(721,2,'Hangerer.jpg','Hangerer','Berg in den Ötztaler Alpen in Nordtirol',11.018091,46.835354),(722,2,'Glatthorn 2134m.JPG','Glatthorn','Berg im Bregenzerwaldgebirge in Vorarlberg, Österreich',9.87944,47.265),(723,2,'Linkerskopf Rotgundspitze.jpg','Wilder Mann','Berg in den Allgäuer Alpen an der Grenze Tirol / Bayern',10.28,47.2878),(724,2,'Peischelgruppe.JPG','Ellbogner Spitze','Berg in den Allgäuer Alpen in Tirol',10.27232,47.265221),(725,2,'Großerkaserer.jpg','Großer Kaserer','Berg in den Alpen',11.6575,47.0603),(726,2,'Lobspitzen NE.jpg','Kleine Lobspitze','Berg in der Silvretta in Vorarlberg',10.07556,46.90694),(727,2,'Rothorn.JPG','Rothornspitze','Berg in den Allgäuer Alpen in Tirol',10.3594,47.29),(728,2,'Compton, 1901, Schlenkerspitze vom Muttekopf.jpg','Große Schlenkerspitze','Berg in den Alpen',10.6167,47.25),(729,2,'Schönbichlerhorn, Juli 2008.jpg','Schönbichler Horn','Berg in den Zillertaler Alpen in Tirol',11.7731,47.0083),(730,2,'Aip.jpg','Trogkofel','Berg in den Karnischen Alpen an der Grenze Kärnten / Friaul-Julisch Venetien',13.216562,46.570541),(731,2,'Steinfalk.jpg','Steinfalk','Berg in den Alpen',11.5122,47.4272),(732,2,'Stadelhorn von der Roßkarscharte.jpg','Stadelhorn','Berg in den Alpen',12.795833333333,47.593333333333),(733,2,'Gamskarlspitze - Rosskogel - Oberhüttensee.jpg','Rosskogel','Berg in den Schladminger Tauern in Salzburg',13.584722222222222,47.26694444444445),(734,2,'Öhler 02.jpg','Dürre Wand','Berg in Österreich',15.9214,47.8331),(735,2,'Loreakopf.jpg','Loreakopf','Berg in den Alpen',10.7714,47.3539),(736,2,'Gailtaler Polinik.png','Gailtaler Polinik','Berg in den Alpen',12.981944444444,46.6275),(737,2,'Vordere Karlesspitze Stubaier Alpen.JPG','Schafzöllen','Berg in Österreich',10.97361,47.21333),(738,2,'Larchkopf mit Schlitters.JPG','Larchkopf','Berg bei Strass im Zillertal in Nordtirol',11.81611111,47.37805556),(739,2,'Gadnerköpfe vor Gadnergschröf, Matonaalpe.JPG','Gadnerköpfe','Berg im Lechquellengebirge in Vorarlberg',9.984661,47.206211),(740,2,'Wellachköpfe - Südlicher Wellachkopf mit Sudetendeutscher Hütte.jpg','Wellachköpfe','Berg in den Alpen',12.5801,47.0583),(741,2,'Hallstatt-Blick-auf-See.jpg','Wehrkogel','Höhenkote auf der Südwestschulter des Hohen Sarsteins',13.675555555556,47.566944444444),(742,2,'Kreiskogel 01.jpg','Kreiskogel','Berg in den Seetaler Alpen',14.54972,47.08639),(743,2,'Porze1.jpg','Rosskarspitze','Berg in den Karnischen Alpen an der Grenze Tirol / Provinz Belluno',12.55888888888889,46.657222222222224),(744,2,'2011 Wilder Kaiser 092 Vordere und Hintere Karlspitze 2260 2281.JPG','Karlspitzen','Berg im Kaisergebirge in Tirol',12.315555555556,47.565555555556),(745,2,'Maldonkopf Imster-Klettersteig.JPG','Maldonkopf','Berg in den Alpen',10.6703,47.275),(746,2,'Kufstein - Hintersteiner See - panoramio (77).jpg','Achleitner Kogel','Berg im Kaisergebirge in Tirol',12.204394,47.532914),(747,2,'Sonnwendstein, Schottwien, Talübergang Schottwien.jpg','Sonnwendstein','Berg im Randgebirge östlich der Mur in Niederösterreich',15.86,47.6294),(748,2,'Ebner Joch vom Achensee.JPG','Ebner Joch','Berg in den Alpen',11.77351,47.42546),(749,2,'Moaralmsee8823.JPG','Höchstein','Berg in Österreich',13.79055556,47.34722222),(750,2,'Rosskopf (Tuxer Alpen).jpg','Roßkopf','Berg in den Tuxer Alpen',11.7525,47.2213),(751,2,'Muttler.jpg','Muttlerkopf','Berg in den Allgäuer Alpen an der Grenze Tirol / Bayern',10.341418,47.314413),(752,2,'Keesegg.jpg','Panargenkamm','Gebirgsgruppe der Alpen',12.2414,46.9692),(753,2,'Keeskogel from Brunnkarsee.jpg','Keeskogel','Berg in der Ankogelgruppe an der Grenze Kärnten / Salzburg',13.277207,47.095248),(754,2,'Hochgasser und Bärenköpfe vom Wildenkogelweg a.JPG','Bärenköpfe','Berg in der Granatspitzgruppe an der Grenze Kärnten / Salzburg',12.52317,47.145195),(755,2,'St Oswald in Freiland mit Reinischkogel von Osterwitz aus.jpg','Reinischkogel (Lavanttaler Alpen)','Berg in den Alpen',15.1147,46.9278),(756,2,'Großer Valkastiel vom Gottvaterweg gesehen.JPG','Großer Valkastiel','Berg im Rätikon in Vorarlberg',9.80524,47.10107),(757,2,'20090613-Laliderer Falk vom Steinfalk.jpg','Laliderer Falk','Berg in den Alpen',11.5189,47.4353),(758,2,'Heiterberg.JPG','Heiterberg','Berg in den Alpen',10.0903,47.2817),(759,2,'Offensee.jpg','Eibenberg','Berg in Österreich',13.8245,47.78783),(760,2,'Eichkogel Wien 1.jpg','Eichkogel','Berg im Wienerwald in Wien',16.2183,48.1264),(761,2,'Törlspitze, Röt- und Daberspitze gesehen von der Rotenmannspitze.jpg','Daberspitze','Berg in der Venedigergruppe in Osttirol',12.2069,47.0161),(762,2,'Blick zur Torsaeule vom Gamsleitnkopf - panoramio.jpg','Südwestlicher Schoberkopf','Berg in den Berchtesgadener Alpen in Salzburg',13.096666666667,47.430833333333),(763,2,'Altaussee Atterkogel.jpg','Atterkogel','Berggipfel in der Steiermark',13.786698888889,47.666968055556),(764,2,'Schwarzwandspitze (Ötztal Alps).jpg','Schwarzwandspitze','Berg in den Ötztaler Alpen in Tirol',10.78722,46.875),(765,2,'HoherSeeblaskogelFromS.jpg','Hoher Seeblaskogel','Berg in den Alpen',11.0747,47.0956),(766,2,'Hegerberg.jpg','Hegerberg (Ybbstaler Alpen)','Berg in Österreich',14.7167,47.7927),(767,2,'Kaiserschild 001.jpg','Kaiserschild','Berg in den Alpen',14.8281,47.5386),(768,2,'OSSIACHER-SEE.JL.jpg','Gerlitzen','Berg in den Alpen',13.9158,46.6933),(769,2,'Lammkogel Neuhof 2.jpg','Lammkogel','Gipfel im Höhenzug der Gleinalpe',15.121305555556,47.249833333333),(770,2,'Mosermandl.jpg','Mosermandl','Berg in den Alpen',13.3961,47.2061),(771,2,'Traualpsee LandsbergerHuette Lachenspitze.JPG','Lachenspitze','Berg in den Allgäuer Alpen in Tirol',10.5178,47.4394),(772,2,'Luckenkogel Äußerer Knappentröger vom Muntanitz.jpg','Luckenkogel','Berg in der Granatspitzgruppe in Tirol',12.590184,47.087619),(773,2,'20150627 Perchtoldsdorf Hochberg 8129.jpg','Hochberg','Berg im Wienerwald in Niederösterreich',16.26479,48.11623),(774,2,'Schieferstein Losenstein.jpg','Schieferstein','Berg in den Alpen',14.4839,47.9117),(775,2,'Stradner-Kogel.JPG','Stradner Kogel','Berg in Österreich',15.9317,46.8458),(776,2,'Spital am Pyhrn Stubwies Naturfreundehaus Wurzeralm.jpg','Stubwieswipfel','Berg im Toten Gebirge',14.299444444444445,47.65472222222222),(777,2,'Schreckenspitze NE.JPG','Schreckenspitze','Berg in den Alpen',11.6494,47.5),(778,2,'Roetenspitze.jpg','Rötenspitze','Berg in den Alpen',10.9444,46.7747),(779,2,'KalserTauernkogelFromN.jpg','Tauernkogel','Berg in der Granatspitzgruppe an der Grenze Salzburg / Osttirol',12.6164,47.1214),(780,2,'20140622-Gamskarlspitze von Speckkarspitze.JPG','Gamskarspitze','Berg im Karwendel Tirol',11.50257397,47.36299515),(781,2,'Zellinkopf - Hochnase.jpg','Zellinkopf','Berg in Kärnten, Österreich',12.951136,46.894199),(782,2,'Gfieder.jpg','Gfieder','Berg in den Alpen',16.0087,47.7165),(783,2,'Schartschrofen02.JPG','Schartschrofen','Berg in den Alpen',10.6022,47.5031),(784,2,'42-Ameringkogel.JPG','Ameringkogel','Berg in den Alpen',14.8081,47.0875),(785,2,'Scheffauer.jpg','Hackenköpfe','Berg in den Alpen',12.255,47.561111111111),(786,2,'Malgrubenspitze S.JPG','Malgrubenspitze','Berg in den Alpen',11.29638889,47.17166667),(787,2,'Törlspitzen von westen.jpg','Törlspitzen','Gruppe von Bergen im Kaisergebirge in Tirol',12.328889,47.56),(788,2,'Kreuzspitze, Östliche Knotenspitze SE.JPG','Östliche Knotenspitze','Berg in den Alpen',11.1825,47.0644),(789,2,'Gamsplan20161023.jpg','Gamsplan','Berg im Sengsengebirge in Oberösterreich',14.3345,47.7745),(790,2,'Bockkogel 01.jpg','Bockkogel','Hügel in der Steiermark',15.36667,47.01667),(791,2,'Links der Bildmitte Steingrubenkogel, rechts anschließend Schlicker Nadeln und Alpenklubscharte.jpg','Steingrubenkogel','Berg in den Stubaier Alpen in Tirol',11.2792,47.1644),(792,2,'OsterhorngruppeSchmittensteinFromEast.jpg','Schmittenstein','Berg in den Salzkammergut-Bergen in Salzburg',13.236586,47.683209),(793,2,'RoteWand Nordseite Vorarlberg Lechquellgebirge.JPG','Rothorn','Berg im Lechquellengebirge in Vorarlberg (Gemeinden Dalaas, Raggal)',9.97948,47.182033),(794,2,'Velika Baba and Mala Baba.jpg','Baba','Berg an der Grenze Österreich / Slowenien',14.55604,46.379452),(795,2,'Bettelwurf.jpg','Kleiner Bettelwurf','Berg im Karwendel in Tirol',11.50971,47.34558),(796,2,'Shady and sunny slopes, Venedigergruppe.jpg','Vorderer Kesselkopf','Berg in der Venedigergruppe in Osttirol',12.409845,47.125062),(797,2,'Rappenseekopf.JPG','Rappenseekopf','Berg in den Allgäuer Alpen an der Grenze Tirol / Bayern',10.254684,47.280965),(798,2,'Pflerscher Tribulaun von Süden.JPG','Pflerscher Tribulaun','Berg in den Stubaier Alpen an der Grenze Tirol / Südtirol',11.3389,46.9853),(799,2,'Hirzer von SW.JPG','Hirzer','Berg in Österreich',11.66333333,47.21777778),(800,2,'Dachstein-Koppenkarstein-1.jpg','Kleiner Koppenkarstein','Berg im Dachsteinmassiv an der Grenze Oberösterreich / Steiermark',13.6354,47.466314),(801,2,'HochreichkopfFromNW.jpg','Hochreichkopf','Berg in den Alpen',10.9697,47.1703),(802,2,'Wüstnagelkogel Gleinalpe 02.jpg','Wüstnagelkogel','Gipfel im Höhenzug der Gleinalpe',15.096694,47.233901),(803,2,'Studentalm-HoheStudent.jpg','Hohe Student','Berg in den Alpen',15.3942,47.7372),(804,2,'Plannerseekarspitze und Mittlere Gstemmerspitze.jpg','no label','Berg in Österreich',14.21083,47.41222),(805,2,'Duerrenstein vom Koenigsberg.jpg','Dürrenstein','Berg in den Alpen',15.0594,47.7856),(806,2,'The call of nature (3368123305).jpg','Kitzberg','Berg in den Ammergauer Alpen an der Grenze Tirol / Bayern',10.708888888889,47.543333333333),(807,2,'Fundusfeiler.jpg','Fundusfeiler','Berg in den Alpen',10.870277777778,47.112222222222),(808,2,'Sonklarspitz.JPG','Sonklarspitze','Berg in den Stubaier Alpen an der Grenze Tirol / Südtirol',11.165807,46.955309),(809,2,'Ramstallspitze.jpg','Ramstallspitze','Berg in den Alpen',10.3575,47.3106),(810,2,'Firmisanschneide ESE.JPG','Firmisanschneide','Berg in den Alpen',10.953611111111,46.819722222222),(811,2,'Rotgueldensee-grHafner.jpg','Großer Hafner','Berg in der Ankogelgruppe an der Grenze Kärtnen / Salzburg',13.400833333333,47.07),(812,2,'Corno Fana.JPG','Toblacher Pfannhorn','Berg an den Villgratner Bergen an der Grenze Tirol / Südtirol',12.284568,46.782842),(813,2,'Gamswiesenspitzen und Bloßkofel.jpg','Kleine Gamswiesenspitze','Berg in den Lienzer Dolomiten in Tirol',12.784243,46.764646),(814,2,'Kleinerkaserer.jpg','Kleiner Kaserer','Berg in den Alpen',11.6458,47.0683),(815,2,'HoheKugel.jpg','Hohe Kugel','Berg in den Alpen',9.715694444444445,47.33525),(816,2,'Hirschstein, Gurktaler Alpen.jpg','Hirschstein (Gurktaler Alpen)','Berg in den Alpen',14.0858,46.9983),(817,2,'Rohnspitze - Goppelspitze.jpg','Rohnspitze','Berg im Lechquellengebirge in Vorarlberg',10.09972,47.15361),(818,2,'Fiechter Spitze und Mittagsspitze vom Georgenberg.JPG','Fiechter Spitze','Berg in den Alpen',11.6447,47.3675),(819,2,'Seraspitz-11.jpg','Seraspitz','Berg in Österreich',9.835833333333333,47.263333333333335),(820,2,'Seeboden08ende 49.jpg','Goldeck','Berg in den Gailtaler Alpen in Kärnten',13.4586,46.7594),(821,2,'Thurnher Filmproduktion Cinedoku Vorarlberg Kummenberg.jpg','Kummenberg','Berg in den Alpen',9.61675,47.33627777777778),(822,2,'Großer Rettenstein.jpg','Großer Rettenstein','Berg in den Alpen',12.296944,47.333056),(823,2,'Strahlkogel N.JPG','Strahlkogel','Berg in den Alpen',11.0192,47.1097),(824,2,'AT 65034 Expositurkirche Mariä Reinigung (Falterschein)-7335.jpg','Rauer Kopf','Berg in den Lechtaler Alpen in Tirol',10.533333333333333,47.172222222222224),(825,2,'WolayerSee.jpg','Seekopf','Berg in den Karnischen Alpen an der Grenze Kärnten / Friaul-Julisch Venetien',12.860741,46.606512),(826,2,'Rossbrand-Kreuz.jpg','Roßbrand','Berg in den Alpen',13.4789,47.4153),(827,2,'Hintere Schwaerze Nordwand HQ.jpg','Östliche Marzellspitze','Berg in den Ötztaler Alpen an der Grenze Tirol / Südtirol',10.909722222222,46.771666666667),(828,2,'Finkenstein Altfinkenstein Mittagskogel 18052007 02.jpg','Mittagskogel','Berg in den Karawanken an der Grenze Kärnten / Slowenien',13.952398,46.506833),(829,2,'Wildalpe BlickWesten.jpg','Wildalpe','Berg in den Alpen',15.4556,47.7533),(830,2,'WilderFreiger2012.jpg','Wilder Freiger','Berg in den Stubaier Alpen an der Grenze Tirol / Südtirol',11.189722222222,46.970555555556),(831,2,'Wartenstein Krottendorf-Gaisfeld 1.jpg','Wartenstein','Berg in Krottendorf-Gaisfeld in der Steiermark',15.1567,47.005),(832,2,'Speikkogel.JPG','Speikkogel','Berg in den Eisenerzer Alpen in der Steiermark',14.687912,47.485475),(833,2,'Inntalkette bei Sonnenaufgang.jpg','Kemacher','Berg in Österreich',11.3665,47.3127),(834,2,'HintereisfernerFromNE.jpg','Innere Quellspitze','Berg in den Alpen',10.73,46.7884),(835,2,'Großer Pyhrgas.jpg','Großer Pyhrgas','Berg in den Alpen',14.398333333333,47.653055555556),(836,2,'Blick auf Rauchkofel Lienz Osttirol.JPG','Rauchkofel','Berg in den Lienzer Dolomiten in Tirol',12.782067,46.799197),(837,2,'Kufstein SWAnsicht.jpg','Zeller Berg','Berg in den Alpen',12.1561,47.5789),(838,2,'Staumauer Schlegeisspeicher - panoramio.jpg','Kleiner Hochsteller','Berg in den Zillertaler Alpen in Tirol',11.701292,47.010935),(839,2,'IMG Riebenkofel.jpg','Riebenkofel','Berg in den Gailtaler Alpen in Kärnten',12.8019,46.7297),(840,2,'20110903-Torkopf von der Östliche Karwendelspitze.jpg','Torkopf (Karwendel)','Berg in den Alpen',11.43793,47.4556),(841,2,'Badner Lindkogel.jpg','Badner Lindkogel','Berg im Wienerwald in Niederösterreich',16.18482,48.00793),(842,2,'Steinerne Rinne HQ.jpg','Fleischbank','Berg in den Alpen',12.3175,47.569167),(843,2,'Roßkopf S.JPG','Roßkopf','Berg in den Brandenberger Alpen',11.7806,47.4553),(844,2,'Gosaukamm West, Donnerkogel.jpg','Kleiner Donnerkogel','Berg im Dachsteingebirge an der Grenze Oberösterreich / Salzburg',13.479163,47.527295),(845,2,'VordBrandjochHQ.JPG','Vordere Brandjochspitze','Berg in den Alpen',11.34083,47.30194),(846,2,'Himmelbauer Obervellach Mölltal 2013 08g.jpg','Mölltaler Polinik','Berg in der Kreuzeckgruppe in Kärnten',13.158238,46.89501),(847,2,'Sajathütte2.jpg','Rote Säule','Berg in den Alpen',12.3497,47.0394),(848,2,'DebantgratFromSO.jpg','Debantgrat','Berg in der Schobergruppe in Osttirol',12.71,46.9514),(849,2,'Gradötz von Westen.JPG','Gradötz','Berg in den Alpen',12.5933,47.0486),(850,2,'Hiesberg von St Leonhard am Forst.jpg','Hiesberg','Berg in Österreich',15.30175833,48.1904),(851,2,'Grinbergspitzen.jpg','Grinbergspitzen','Berg in den Alpen',11.7667,47.1167),(852,2,'Vorderer Brochkogel.jpg','Vorderer Brochkogel','Berg in den Alpen',10.850833333333,46.874722222222),(853,2,'Gamshalt von süden.jpg','Gamshalt','Berg im Wilden Kaiser des Kaisergebirges (Nördliche Kalkalpen) in Tirol',12.300111,47.564528),(854,2,'Haagspitze und Rauher Kopf von Westen.jpg','Rauer Kopf','Berg in der Silvretta an der Grenze zwischen Tirol und Vorarlberg',10.142333,46.871206),(855,2,'Maria Woerth 01.jpg','Pyramidenkogel','Berg in den Alpen',14.145277777778,46.608888888889),(856,2,'Wilde Sender und Seekofel.jpg','Wilde Sender','Berg in den Lienzer Dolomiten an der Grenze Kärnten / Tirol',12.809883888888889,46.75635611111111),(857,2,'Tennengebirge vom Hochkogel zur Hühnerkralle.JPG','Hochkogel','Berg im Tennengebirge in Salzburg',13.193377,47.517611),(858,2,'Falkensteinkamm02.JPG','Vilser Berg','Berg in den Allgäuer Alpen an der Grenze Tirol / Bayern',10.656111111111,47.559166666667),(859,2,'HochstaffvonSüdwesten.jpg','Hochstaff','Berg in den Alpen',15.69,47.9706),(860,2,'K Rettenstein - close up.jpg','Kleiner Rettenstein','Berg in den Alpen',12.341944,47.336944),(861,2,'Falzer Kopf from East02.JPG','Falzer Kopf','Berg in den Alpen',10.0497,47.3314),(862,2,'Hochtrötsch 01.jpg','Hochtrötsch','Berg in der Steiermark',15.366666666667,47.25),(863,2,'Schweizertor 2137, Rätikon 3.JPG','Kirchlispitzen','Berg im Rätikon an der Grenze Vorarlberg / Graubünden',9.7686111111111,47.038611111111),(864,2,'Hinterer Brochkogel NE.JPG','Hinterer Brochkogel','Berg in den Alpen',10.849722222222,46.886111111111),(865,2,'Leuenkopf von Nordwesten.jpg','Leuenkopf','Berg im Bregenzerwaldgebirge',9.8152780555556,47.35),(866,2,'Almsee1 (1 von 1).jpg','Zwölferkogel','Berg im Toten Gebirge an der Grenze Oberösterreich / Steiermark',13.9517,47.709669444444),(867,2,'Gertrusk.jpg','Gertrusk','Berg in den Alpen',14.6333,46.8667),(868,2,'Isskogel1.jpg','Isskogel','Berg in Österreich',12.01306,47.24833),(869,2,'Gipfelkreuz am Heukareck.jpg','Heukareck','Berg in der Ankogelgruppe im Land Salzburg',13.165328055556,47.29228),(870,2,'Roggalspitze 2673.JPG','Roggalspitze','Berg in den Alpen',10.1175,47.1661),(871,2,'West view of Angerstein (2009).jpg','Angerstein','Berg am Nordwestende des Gosaukamms im Dachsteingebirge an der Grenze Oberösterreich / Salzburg',13.490148,47.513167),(872,2,'Zopatspitze von unteralb der Eisseehütte.JPG','Zopetspitze','Berg in der Venedigergruppe in Osttirol',12.361457,47.057208),(873,2,'Unnutze ost.jpg','Unnütze','Berg in den Alpen',11.738611111111,47.515277777778),(874,2,'LangtaufererSpitzeFromS.jpg','Langtauferer Spitze','Berg in den Ötztaler Alpen an der Grenze Tirol / Südtirol',10.745833333333,46.804722222222),(875,2,'Rödresnock.jpg','Rodresnock','Berg in Österreich',13.81495953,46.85297012),(876,2,'Kaltenberg (Arlberg).JPG','Kaltenberg','Berg im Verwall an der Grenze Tirol / Vorarlberg',10.13829,47.08645),(877,2,'Wildenkees, dahinter die Hintere Michlbachspitze.JPG','Hintere Michlbachspitze','Berg in Österreich',12.472462,47.083517),(878,2,'GroßerWoising20100920.jpg','Großer Woising','Berg im Toten Gebirge an der Grenze der Steiermark zu Oberösterreich',13.903208,47.716108),(879,2,'Dreiherrnspitze.jpg','Dreiherrnspitze','Berg in der Venedigergruppe an der Grenze Salzburg / Osttirol / Südtirol',12.24031,47.06878),(880,2,'Kapelle-Madau DSCF1219.JPG','Seeköpfe','Berg in den Lechtaler Alpen in Tirol',10.267417,47.044527),(881,2,'Lahnerleitenspitze.JPG','Lahnerleitenspitze','Berg in den Eisenerzer Alpen',14.67861,47.49194),(882,2,'Umbaltal 048.JPG','Althausschneide','Berggipfel des Rosshufkamms in der Venedigergruppe',12.23255,47.06398),(883,2,'Burg Schwarzenbach NÖ no-ecke.jpg','Schlossberg (Schwarzenbach)','Berg in den Alpen',16.3422,47.6347),(884,2,'Kleines und Großes Tragl Totes Gebirge 20191027.jpg','Kleines Tragl','Berg im Toten Gebirge in der Steiermark',14.030277777778,47.615277777778),(885,2,'Drusenfluh01.jpg','Drusenfluh','Berg im Rätikon an der Grenze Vorarlberg / Graubünden',9.8015277777778,47.028972222222),(886,2,'BlickGföhlberg.jpg','Gföhlberg','Berg in den Alpen',15.8269,48.0733),(887,2,'Döbling (Wien) - Leopoldsberg (3).JPG','Leopoldsberg','Berg in den Alpen',16.3453,48.2789),(888,2,'20060611-Grasbergjoch von Westen.jpg','Grasberg','Berg im Vorkarwendel in Tirol',11.5419,47.4769),(889,2,'Sonnenjoch NW.JPG','Sonnenjoch','Berg in den Alpen',12.0225,47.321666666667),(890,2,'Imbachhorn 3.jpg','Imbachhorn','Berg in Salzburg',12.770768,47.232446),(891,2,'Garstner Eck against Warscheneck.jpg','Garstner Eck','Bergrücken südlich von Windischgarsten in Oberösterreich',14.334433,47.709416),(892,2,'Seespitze mit Seespitzhütte.JPG','Seespitze','Berg in der Venedigergruppe in Osttirol',12.273621,46.948262),(893,2,'Osterwitz vor der Schwanberger Brendl (Wolscheneck).jpg','Wolscheneck','Berg auf der Koralpe in der Steiermark',15.06333,46.76562),(894,2,'Lippekogel.jpg','Lippekogel','Berg in den Lavanttaler Alpen',14.4986,46.7319),(895,2,'Salzburg by-RaBoe 003.jpg','Festungsberg','Berg im Süden der Altstadt von Salzburg',13.0483,47.7953);
/*!40000 ALTER TABLE `questions` ENABLE KEYS */;
UNLOCK TABLES;

--
-- Table structure for table `topics`
--

DROP TABLE IF EXISTS `topics`;
/*!40101 SET @saved_cs_client     = @@character_set_client */;
/*!40101 SET character_set_client = utf8 */;
CREATE TABLE `topics` (
  `topicid` int(11) NOT NULL,
  `name` varchar(512) NOT NULL,
  PRIMARY KEY (`topicid`)
) ENGINE=InnoDB DEFAULT CHARSET=latin1;
/*!40101 SET character_set_client = @saved_cs_client */;

--
-- Dumping data for table `topics`
--

LOCK TABLES `topics` WRITE;
/*!40000 ALTER TABLE `topics` DISABLE KEYS */;
INSERT INTO `topics` VALUES (1,'Städte'),(2,'Berge');
/*!40000 ALTER TABLE `topics` ENABLE KEYS */;
UNLOCK TABLES;
/*!40103 SET TIME_ZONE=@OLD_TIME_ZONE */;

/*!40101 SET SQL_MODE=@OLD_SQL_MODE */;
/*!40014 SET FOREIGN_KEY_CHECKS=@OLD_FOREIGN_KEY_CHECKS */;
/*!40014 SET UNIQUE_CHECKS=@OLD_UNIQUE_CHECKS */;
/*!40101 SET CHARACTER_SET_CLIENT=@OLD_CHARACTER_SET_CLIENT */;
/*!40101 SET CHARACTER_SET_RESULTS=@OLD_CHARACTER_SET_RESULTS */;
/*!40101 SET COLLATION_CONNECTION=@OLD_COLLATION_CONNECTION */;
/*!40111 SET SQL_NOTES=@OLD_SQL_NOTES */;

-- Dump completed on 2020-01-15 16:38:49





select * from users;